Subreddit,Link,Description,NSFW_Flag,NSFW_Reason,Confidence_Score,Keywords_Found
007,https://www.reddit.com/r/007/,/r/007: James Bond - The world of Commander Bond CMG RNVR.,UNKNOWN,Insufficient information for classification,0,
007FirstLight,https://www.reddit.com/r/007FirstLight/,"007FirstLight - Play a James Bond origin story and Earn The Number in #007FirstLight, by IO Interactive. Coming 2026 on PlayStation 5, Xbox Series X|S, and PC.",UNKNOWN,Insufficient information for classification,0,
00sAesthetics,https://www.reddit.com/r/00sAesthetics/,"Aesthetics of the Early 2000s - Media culture from the Early 2000s (2000-2010), Movies/Music/Video Games etc.",UNKNOWN,Insufficient information for classification,0,
00scartoons,https://www.reddit.com/r/00scartoons/,Your favorite cartoons from 2000 to 2009 - A subreddit for cartoons that came out between the years 2000 and 2009.,UNKNOWN,Insufficient information for classification,0,cam
00sdesign,https://www.reddit.com/r/00sdesign/,"00sdesign - See also:

[Y2K aesthetics institute](http://y2kaestheticinstitute.tumblr.com/)

/r/2000s",UNKNOWN,Insufficient information for classification,0,
00snostalgia,https://www.reddit.com/r/00snostalgia/,"2000s nostalgia - All about the first decade of the new millennium: The 2000s! Relaunch date: December 13, 2022",UNKNOWN,Insufficient information for classification,0,
070Shake,https://www.reddit.com/r/070Shake/,070Shake - The Official 070 Shake Subreddit!,UNKNOWN,Insufficient information for classification,0,
0DTE,https://www.reddit.com/r/0DTE/,0DTE - 0DTE options,UNKNOWN,Insufficient information for classification,0,
0FD3MONSS,https://www.reddit.com/r/0FD3MONSS/,0FD3MONSS - JOIN THE DISCORD FOR MORE üëÄ- https://discord.gg/bdDs7cgQ,UNKNOWN,Insufficient information for classification,0,
0_005102040816327,https://www.reddit.com/r/0_005102040816327/,0_005102040816327 - 1/,UNKNOWN,Insufficient information for classification,0,
0ad,https://www.reddit.com/r/0ad/,0 A. D. - 0 A.D is an open source RTS game ,UNKNOWN,Insufficient information for classification,0,
0nlyniaa,https://www.reddit.com/r/0nlyniaa/,0nlyniaa - community for _.0nlyniaa /onlyniaa,UNKNOWN,Insufficient information for classification,0,
0sanitymemes,https://www.reddit.com/r/0sanitymemes/,"0sanitymemes - Arknight's #1 shitposting subreddit, if you're not here for that, please seek the nearest psychiatrist. Here you can find posts to look at after giving up on that one stage, or after autoplay fails 5 times.
I asked a bunch of 0sm goons to come up with this description.

Join the discord and stuff too: https://discord.gg/K84zWrH8Js

Sex reviews on thursdays, if you post it any other day I will personally smite you.

- Sen",UNKNOWN,Insufficient information for classification,0,sex
0ug,https://www.reddit.com/r/0ug/,0ug - Stuff that makes your balls tripping at 0ug,UNKNOWN,Insufficient information for classification,0,
0x10c,https://www.reddit.com/r/0x10c/,"0x10c - This is the official subreddit for 0x10^c.  Feel free to engage in rampant speculation, discuss new reveals, and share your creations in DCPU-16!",UNKNOWN,Insufficient information for classification,0,
0xLend_Official,https://www.reddit.com/r/0xLend_Official/,0xLend_Official - 0xLend is the first Lending Protocol on KuCoin Community Chain that supports the deposit and lending of crypto assets.,NO,"Safe content indicators: support, community, official",0,ass
0xMantle,https://www.reddit.com/r/0xMantle/,"Mantle Network - Mantle | Mass adoption of decentralized &amp; token-governed technologies. 

With Mantle Network, Mantle Treasury, and token holder-governed products initiatives.

https://linktr.ee/mantle.xyz",UNKNOWN,Insufficient information for classification,0,ass
0xPolygon,https://www.reddit.com/r/0xPolygon/,"Polygon Labs - Official Polygon Labs Reddit:

Polygon Labs is a software development company building and developing a network of aggregated blockchains via the Agglayer, secured by Ethereum. Polygon Labs has also contributed to the core development of several widely-adopted scaling protocols and tools for launching blockchains, including Polygon PoS, Agglayer, and Agglayer CDK.",UNKNOWN,Insufficient information for classification,0,tribute
0xProject,https://www.reddit.com/r/0xProject/,0x Protocol - Community subreddit for 0x Protocol - the protocol for trading everything. Not maintained by the 0x and 0x Protocol teams (be alert to spam and incorrect info). See pinned post for active channels.,UNKNOWN,Insufficient information for classification,0,
0xSonic,https://www.reddit.com/r/0xSonic/,"Sonic Labs | $S - Sonic is the highest-performing EVM L1, combining speed, incentives, and world-class infrastructure for DeFi, powered by the S token. 400,000 TPS at sub-second finality.",UNKNOWN,Insufficient information for classification,0,ass
0xcert,https://www.reddit.com/r/0xcert/,"Building the future of blockchain certification - 0xcert is an open source, permissionless protocol for validating the existence, authenticity and ownership of digital assets on the blockchain.",UNKNOWN,Insufficient information for classification,0,ass
1000hoursoutside,https://www.reddit.com/r/1000hoursoutside/,"1000hoursoutside - A place for everyone to discuss the 1000 hours outside challenge; sharing ideas, wins, and encouragement.",UNKNOWN,Insufficient information for classification,0,
1000lbSisters_Snark,https://www.reddit.com/r/1000lbSisters_Snark/,1000lbSisters_Snark - a lightly moderated sub to discuss the television show 1000 lb sisters. this is a snark sub so if you are gonna be a party pooper on people‚Äôs opinions go to a different sub but Reddit rules apply ,UNKNOWN,Insufficient information for classification,0,
1000lbbestfriends,https://www.reddit.com/r/1000lbbestfriends/,"1000lbbestfriends - All about TLC‚Äôs newest transformation show, 1000-LB Best Friends. Vannessa and Meghan are larger-than-life Best Friends, and along with their pals Tina and Ashely, they are battling obesity with heart and humor. This gregarious girl gang embarks on a journey of sisterhood, weight loss, and self-discovery.",UNKNOWN,Insufficient information for classification,0,
1000lbroomies,https://www.reddit.com/r/1000lbroomies/,1000lbroomies - TLC‚Äôs show 1000lb Roomies,UNKNOWN,Insufficient information for classification,0,
1000lbsisters,https://www.reddit.com/r/1000lbsisters/,"1000lbSisters - A place to discuss TLC's 1000-lb Sisters.

1000-lb Sisters follows the Slaton sisters, averaging over a thousand pounds, who have always depended on each other for support.

Thumbnail pic courtesy of u/boutthistimeofday ",UNKNOWN,Insufficient information for classification,0,
1000words,https://www.reddit.com/r/1000words/,"A Picture Says 1000 Words - This is like /r/pics, but for pictures that tell stories.

Note: If you are having trouble submitting a link, message the moderator with a URL of the link and it will get approved as long as its pertinent to this sub.",UNKNOWN,Insufficient information for classification,0,
1001AlbumsGenerator,https://www.reddit.com/r/1001AlbumsGenerator/,1001 Albums Generator - Discuss the albums generated from https://1001albumsgenerator.com/,UNKNOWN,Insufficient information for classification,0,
1001Movies,https://www.reddit.com/r/1001Movies/,1001 Movies - Dedicated to the 1001 Movies You Must see Before You Die book series,UNKNOWN,Insufficient information for classification,0,
100DaysChallenge,https://www.reddit.com/r/100DaysChallenge/,"The 100 Day Challenge to 2025 - Hello all, welcome to the 100 Days Challenge!

In this sub, from Sept 23rd, we have committed to 100 days of action and self-betterment, no matter how small.

If you want more support you can join us on Whatsapp and/or Keystone. Just message one of the mods for an invite.

We are a positive, supportive and inclusive community which hopes to ensure that every member goes into the next year with the biggest personal impact they can have on their goals and habits.

Close out the year!",UNKNOWN,Insufficient information for classification,0,
100DaysOfSwiftUI,https://www.reddit.com/r/100DaysOfSwiftUI/,100DaysOfSwiftUI - A place for people to discuss their learnings following the https://www.hackingwithswift.com/100/swiftui tutorial,UNKNOWN,Insufficient information for classification,0,
100Kanojo,https://www.reddit.com/r/100Kanojo/,"100 Kanojo - The 100 Girlfriends Who Really, Really, Really, Really, Really Love You - (Âêõ„ÅÆ„Åì„Å®„ÅåÂ§ßÂ§ßÂ§ßÂ§ßÂ§ßÂ•Ω„Åç„Å™100‰∫∫„ÅÆÂΩºÂ•≥; Kimi no koto ga Dai Dai Dai Dai Daisuki na Hyaku-nin no Kanojo) - is a harem manga series written by ""Rikito Nakamura"" and illustrated by ""Yukiko Nozawa"".",UNKNOWN,Insufficient information for classification,0,
100KanojoMemes,https://www.reddit.com/r/100KanojoMemes/,"100KanojoMemes - The 100 Girlfriends Who Really, Really, Really, Really, Love you!- Is a Harem/Manga series, which is animated by Rikito Nakamura. In this Subreddit can post and find 100Kanojo Memes that‚Äôll surely make you laugh! „ÅÇ„Å™„Åü„ÇíÊú¨ÂΩì„Å´Êú¨ÂΩì„Å´Êú¨ÂΩì„Å´Â§ßÂ•Ω„Åç„Å™100‰∫∫„ÅÆÂΩºÂ•≥ÔºÅ„ÅØ„ÄÅ‰∏≠ÊùëÂäõÊñó„Åå„Ç¢„Éã„É°Âåñ„Åó„Åü„Éè„Éº„É¨„É†/„Éû„É≥„Ç¨„Ç∑„É™„Éº„Ç∫„Åß„Åô„ÄÇ„Åì„ÅÆ„Çµ„Éñ„É¨„Éá„Ç£„ÉÉ„Éà„Åß„ÅØ„ÄÅ„Åç„Å£„Å®„ÅÇ„Å™„Åü„ÇíÁ¨ë„Çè„Åõ„Å¶„Åè„Çå„Çã100‰∫∫„ÅÆ„Ç´„Éé„Ç∏„Éß„Éü„Éº„É†„ÇíÊäïÁ®ø„Åó„Åü„ÇäË¶ã„Å§„Åë„Åü„Çä„Åß„Åç„Åæ„ÅôÔºÅ",UNKNOWN,Insufficient information for classification,0,
100ManNoInochi,https://www.reddit.com/r/100ManNoInochi/,"100-man no Inochi no Ue ni Ore wa Tatte Iru ‚Ä¢ I'm Standing on a Million Lives  - Community for: I'm Standing on a Million Lives ( I'm Standing on 1,000,000 Lives / 100-man no Inochi no Ue ni Ore wa Tatte Iru)",UNKNOWN,Insufficient information for classification,0,
100ThievesApparel,https://www.reddit.com/r/100ThievesApparel/,"100 Thieves Apparel - /r/100ThievesApparel is for anything and everything related to 100 Thieves apparel.

Buy, sell, and trade 100 Thieves apparel, 100 Thieves hardware, and HIGROUND.",UNKNOWN,Insufficient information for classification,0,
100daysml,https://www.reddit.com/r/100daysml/,"100daysml - This is the OFFICIAL Reddit Community for the 100 Days of Machine Learning Challenge. 
Each days challenge should last you approximately 60-75 minutes.

https://www.100daysofml.com",NO,"Safe content indicators: community, learning, official",0,
100gecs,https://www.reddit.com/r/100gecs/,100 gecs - gecgecgec,UNKNOWN,Insufficient information for classification,0,
100gecsplayboicarti,https://www.reddit.com/r/100gecsplayboicarti/,100gecsplayboicarti - We are where 100 Gecs fans and Playboi Carti fans make beautiful unison !!!!  Join us and let us conquer the world üåé welcome home ‚ù§‚ù§‚ù§‚ù§‚ù§‚ù§,UNKNOWN,Insufficient information for classification,0,
100movies365days,https://www.reddit.com/r/100movies365days/,The 100 Movies 365 Days Challenge! - Your challenge is to watch 100 movies in the next 365 days. Do you accept?,UNKNOWN,Insufficient information for classification,0,
100nyanojo,https://www.reddit.com/r/100nyanojo/,"100Nyanojo - Welcome to the one and only community for our beloved Nekonari Tama


Feel free to post all related cat images and references of 100Kanojo


This is a community for fans of Tama and the manga/anime, The 100 girlfriends who really really love you ",UNKNOWN,Insufficient information for classification,0,
100percentEat,https://www.reddit.com/r/100percentEat/,100percentEat - The fan run subreddit for the 100% Eat Podcast!,UNKNOWN,Insufficient information for classification,0,
100pushups,https://www.reddit.com/r/100pushups/,"100 Pushups  - Join the journey to 100 push-ups a day!
Whether you're a beginner building strength or an athlete pushing limits, this community is here for tips, motivation, and sharing progress.",UNKNOWN,Insufficient information for classification,0,
100sets,https://www.reddit.com/r/100sets/,"The Seddit 100 Set Challenge  - Embrace the challenge to overcome social anxiety and enhance your dating competency here at the 100 Sets Subreddit. Our mission revolves around utilizing consistent, step-by-step social interaction strategies (or ""sets"") to build confidence and improve your social and dating skills. We particularly encourage beginners or those less experienced in the dating scene to embark on the journey of 100 sets. This involves engaging in 100 distinct social interactions with strangers, fostering personal ",UNKNOWN,Insufficient information for classification,0,
100thieves,https://www.reddit.com/r/100thieves/,"100 Thieves - Welcome to the Official Subreddit of 100 Thieves. 


Questions about your apparel order? Contact support@100thieves.com",UNKNOWN,Insufficient information for classification,0,
100xCoin,https://www.reddit.com/r/100xCoin/,"100xCoin - The New Meme Coin With an NFT Exchange Platform, Launch Pad, and A Mobile App for Instant Crypto Purchases.",UNKNOWN,Insufficient information for classification,0,
100yearclub,https://www.reddit.com/r/100yearclub/,"Lets meet up! (Eventually) - This is a subreddit for everyone who wants to meet up in 100 years from this particular comment chain. Chances are most of us won't make it, but fuck it, let's try. ",UNKNOWN,Insufficient information for classification,0,
100yearsago,https://www.reddit.com/r/100yearsago/,"Things that happened exactly 100 years ago - This subreddit was formed in late 2013 to document World War I, day by day as it developed. It covers social, political, military and cultural developments in combatant countries and noncombatants alike. Its particular emphasis is on pointing out the most striking similarities and differences from the problems humanity faces today.",UNKNOWN,Insufficient information for classification,0,
1031exchange,https://www.reddit.com/r/1031exchange/,Learn more about 1031 Exchanges  - Welcome to r/1031exchange! We're a group of passionate real estate investors and professionals here to answer questions about 1031 like-kind exchanges. ,UNKNOWN,Insufficient information for classification,0,ass
1046FM,https://www.reddit.com/r/1046FM/,"104.6 FM (A Lonely Broadcast) - Fan-content, updates, and discussion about the NoSleep/book series ""Accounts From a Lonely Broadcast Station"" written by Kel Byron (Wendingus)",UNKNOWN,Insufficient information for classification,0,
104th_Wolfpack,https://www.reddit.com/r/104th_Wolfpack/,104th Battalion Milsim - Hello and welcome to the official 104th MilSim Battalion subreddit.,UNKNOWN,Insufficient information for classification,0,
1053,https://www.reddit.com/r/1053/,"1053 - Imma just start shitposting here everyday, you should too





(View rules before joining)",UNKNOWN,Insufficient information for classification,0,
10XHealth,https://www.reddit.com/r/10XHealth/,"10XHealth - A place to discuss Gary Brecka‚Äôs 10X Health System. Consumers real life experiences, ask general questions, and discuss what has worked and what hasn‚Äôt. 

https://10xhealthnetwork.com/pages/supplements?utm_source=Randall",UNKNOWN,Insufficient information for classification,0,
10_Second_Videos,https://www.reddit.com/r/10_Second_Videos/,10_Second_Videos - Ticking away the moments that make up a dull day,UNKNOWN,Insufficient information for classification,0,
10centproblem,https://www.reddit.com/r/10centproblem/,10centproblem - An official branch off r/10dollarproblem. You may post minor problems here. No matter how small they are.,UNKNOWN,Insufficient information for classification,0,
10cloverfieldlane,https://www.reddit.com/r/10cloverfieldlane/,"10 Cloverfield Lane - Discussion and speculation about the upcoming film 10 Cloverfield Lane, which is set to release March 11th, 2016. ",UNKNOWN,Insufficient information for classification,0,
10dollarproblem,https://www.reddit.com/r/10dollarproblem/,10dollarproblem - Supercell's problems that won't ever get fixed because it doesn't bring Frank enough money to line his pockets.,UNKNOWN,Insufficient information for classification,0,
10minutefood,https://www.reddit.com/r/10minutefood/,"10minutefood - Challenging but doable. This sub is for sharing recipes of healthy food that can be made in 10 to 15 minutes (or less). Feel free to share your recipes, links and experiences. Be nice to each other and have a good day :-)",UNKNOWN,Insufficient information for classification,0,
10s,https://www.reddit.com/r/10s/,"10s: The Tennis Player's Subreddit - This is the other tennis subreddit that is focused on playing the sport at an amateur level, including technical advice, strategy, and equipment.


Reddiquette is in play.  Upvote anything that contributes to the conversation, whether you agree with it or not.",YES,"Strong NSFW indicators: amateur, tribute, \b(gone ?wild|realgirls?|amateur)\b",7,"amateur, tribute, \b(gone ?wild|realgirls?|amateur)\b"
10sMusic,https://www.reddit.com/r/10sMusic/,music from the 1910's - Music recorded in the 1910's,UNKNOWN,Insufficient information for classification,0,
10secondriddles,https://www.reddit.com/r/10secondriddles/,"10secondriddles - üß† Welcome to 10 Second Riddles!
Test your brain with quick, fun, and challenging riddles that you can solve in just 10 seconds! From tricky brain teasers to fun math puzzles, we've got daily content to keep your mind sharp.

‚úÖ New videos every day!
‚úÖ Engage with friends and family by sharing our riddles!
‚úÖ Comment your answers and challenge yourself!

Subscribe now and never miss a brain-boosting challenge!

üîî Ready to think fast? Let‚Äôs riddle away!",UNKNOWN,Insufficient information for classification,0,
10thDentist,https://www.reddit.com/r/10thDentist/,"10thDentist - just another unpopular opinion sub. same reddit rules apply, but go nuts.",UNKNOWN,Insufficient information for classification,0,
10thGenCivics,https://www.reddit.com/r/10thGenCivics/,"10thGenCivics - Welcome to r/10thGenCivics, where we discuss everything about our 2016+ Civics!",UNKNOWN,Insufficient information for classification,0,
10thgenaccords,https://www.reddit.com/r/10thgenaccords/,"10th gen Accords - A place to share pictures, advice, and questions about your 2018+ Accords!",UNKNOWN,Insufficient information for classification,0,18+
10thgenf150,https://www.reddit.com/r/10thgenf150/,10thgenf150 - Home to fords worst creation the 1997-2003 f150 love them or hate them they get the job done,UNKNOWN,Insufficient information for classification,0,
10xPennyStocks,https://www.reddit.com/r/10xPennyStocks/,"10xPennyStocks - Research hub for stocks with 10x potential, small market caps, visionary leadership whose interests are aligned with shareholders and above all, see massive opportunities to grow into.",UNKNOWN,Insufficient information for classification,0,ass
10years,https://www.reddit.com/r/10years/,"10 Years - 10 Years is an American alternative metal band, formed in Knoxville, Tennessee in 1999.",UNKNOWN,Insufficient information for classification,0,
10yearsatleast,https://www.reddit.com/r/10yearsatleast/,"10yearsatleast - A sub for other fandoms referencing Eren's infamous breakdown in 139 and so much more! 

#mark spoilers
#be civil",UNKNOWN,Insufficient information for classification,0,
1102,https://www.reddit.com/r/1102/,1102 - A Community for U.S. Government and Military Acquisition Professionals and Related Fields,NO,"Safe content indicators: community, professional, government",0,
110photography,https://www.reddit.com/r/110photography/,"110photography - A place for 110 film photography! 
Share your gear, photos, and ask and discuss away!",UNKNOWN,Insufficient information for classification,0,hot
11bitstudios,https://www.reddit.com/r/11bitstudios/,"11 bit studios - 
##About Frostpunk
* Welcome to the official subreddit for 11 bit studios  - an independent game company devoted to creating and publishing meaningful games able to leave a strong mark on a widely understood popculture. 
* Released games: Anomaly series, Tower57, Beat Cop, This War of Mine, Moonlighter and Frostpunk. 
* Currently working on: Children of Morta and another super secret project.

##Helpful Links
* [Steam](https://store.steampowered.com/developer/11bitstudios)
* [Webpage](http://www.11bitstudios.com/)
* [Facebook](https://www.facebook.com/11bitstudios/)
* [11 Bit Studios Twitter](https://twitter.com/11bitstudios/with_replies)
* [Youtube](https://www.youtube.com/user/11bitstudios)
* [11 bit studios‚Ñ¢ Discord Server](https://discordapp.com/invite/CukfhBG)

##11 Bit Studios Reddit Communities
* [Frostpunk](https://old.reddit.com/r/Frostpunk/)
* [This War of Mine](https://old.reddit.com/r/ThisWarofMine/)
* [Moonlighter](https://old.reddit.com/r/Moonlighter/)
* [Children of Morta](https://old.reddit.com/r/ChildrenofMorta/)
* [Tower57](https://old.reddit.com/r/Tower57/)
* [Beat Cop](https://old.reddit.com/r/beatcop/)
* [Anomaly Games](https://old.reddit.com/r/anomaly2/)
* [11 bit studios](https://old.reddit.com/r/11bitstudios/)",UNKNOWN,Insufficient information for classification,0,
11foot8,https://www.reddit.com/r/11foot8/,"11Foot8 - Check yourself, before you wreck yourself",UNKNOWN,Insufficient information for classification,0,
11line,https://www.reddit.com/r/11line/,"11line - Welcome to 11line! This Reddit hub is dedicated to the mesmerizing fusion of fitness and beauty. Share and admire captivating images of strong, fit women showcasing their sculpted 11 line abs. Celebrate health, strength, and the aesthetic prowess of these inspiring individuals. Join us in reveling in the allure of a powerful physique! üí™‚ú®





",UNKNOWN,Insufficient information for classification,0,
11thGenAccord,https://www.reddit.com/r/11thGenAccord/,11thGenAccord - The Subreddit for the 2023+ Honda Accord 11th Generation ,UNKNOWN,Insufficient information for classification,0,
1200isdepressing,https://www.reddit.com/r/1200isdepressing/,1200isdepressing - .,UNKNOWN,Insufficient information for classification,0,
1200isveryjerky,https://www.reddit.com/r/1200isveryjerky/,"1200isveryjerky - If we can‚Äôt fill up with food, may as well fill up with humor! ",UNKNOWN,Insufficient information for classification,0,
1200realfood,https://www.reddit.com/r/1200realfood/,"1200realfood - Ideas and inspiration for 1200 calories a day of ""real"" food.",UNKNOWN,Insufficient information for classification,0,
123DeeDeeRicanLovers,https://www.reddit.com/r/123DeeDeeRicanLovers/,123DeeDeeRicanLovers - DeeDee Fan Page,UNKNOWN,Insufficient information for classification,0,
123movieswebsites,https://www.reddit.com/r/123movieswebsites/,"123movieswebsites - Welcome to the 123movies subreddit! This is the place to discuss everything related to 123movies and similar streaming sites. Share your favorite movie and TV show recommendations, troubleshoot streaming issues, discuss alternatives, and stay updated on the latest streaming trends. Note: We encourage legal streaming discussions only‚Äîplease refrain from sharing or requesting any illegal links.",UNKNOWN,Insufficient information for classification,0,
125R,https://www.reddit.com/r/125R/,"For the magnificent 125cc out there - Really just the same as 250r except with 125cc, because someplaces that's the first bike you can aquire.
",UNKNOWN,Insufficient information for classification,0,
125cc,https://www.reddit.com/r/125cc/,125cc - For everyone who own or have owned or will own a 125cc motorcycle.,UNKNOWN,Insufficient information for classification,0,
12662,https://www.reddit.com/r/12662/,"12662 - The subreddit for n*rmiegram‚Äôs 12662 colony
Join our discord üÖ±Ô∏èoi https://discord.gg/JGNdkyfHzm",UNKNOWN,Insufficient information for classification,0,
128bitbay,https://www.reddit.com/r/128bitbay/,"128 Bit-Bay - This subreddit is now serving as a backup.

Welcome to 128-bitbay! You can find everything related to emulation here. We're mainly focused on Switch though. You can find support for Yuzu and Ryujinx, as well as any other emulators here! We are not affiliated with the Yuzu team, Ryujinx team or any other emulation community.
-----------------------------------------------------------
Discord Server: https://discord.gg/87bsZWwF3X
-----------------------------------------------------------
",UNKNOWN,Insufficient information for classification,0,
12Forever,https://www.reddit.com/r/12Forever/,Twelve Forever: Netflix Original Series - A subreddit for the Netflix animated series Twelve Forever created by Julia Vickerman. Anybody is welcome to comment about anything related to the series.,UNKNOWN,Insufficient information for classification,0,
12Monkeys,https://www.reddit.com/r/12Monkeys/,12 Monkeys - /r/12Monkeys is the unofficial subreddit for discussion of all things 12 Monkeys including the 1995 film and the 2015-2018 TV series.,UNKNOWN,Insufficient information for classification,0,
12hr,https://www.reddit.com/r/12hr/,12hr - a stream of 12hr-project imagery since 1994 -- The 12hr ISBN-JPEG Project -- from brad brace &amp; others -- http://bbrace.net/12hr.html http://bradbrace.net/12hr.html,UNKNOWN,Insufficient information for classification,0,
12keys,https://www.reddit.com/r/12keys/,"Come Search For Real Hidden Treasure! By Solving These Pictures You Can Find Real Buried Treasure! - There is treasure buried in 12 cities and if you're creative enough you can figure out where. Author Byron Preiss buried 12 casques all around North America providing 12 images and 12 verses which lead you to the location. 3 have already been discovered!
Come join the hunt at /r/12keys!",UNKNOWN,Insufficient information for classification,0,
12ozmouse,https://www.reddit.com/r/12ozmouse/,"12 oz. Mouse - You don't understand, he don't give a damn. This is the subreddit for 12 oz. Mouse on Adult Swim.",UNKNOWN,Insufficient information for classification,0,adult
12thMan,https://www.reddit.com/r/12thMan/,"Welcome to Aggieland - Header Image:¬© www.thomascampbell.com

/r/12thMan is a subreddit dedicated to Texas A&amp;M sports. For all other Texas A&amp;M University related questions and posts please go to /r/Aggies",UNKNOWN,Insufficient information for classification,0,cam
12thhouse,https://www.reddit.com/r/12thhouse/,12thhouse - All things relating to the twelfth house in astrology,UNKNOWN,Insufficient information for classification,0,
12weekyear,https://www.reddit.com/r/12weekyear/,12 Week Year - An unofficial subreddit for the 12 Week Year system of time management.,UNKNOWN,Insufficient information for classification,0,
12winArenaLog,https://www.reddit.com/r/12winArenaLog/,"Twelve-Win Arenas - Welcome to the Hearthstone Twelve Win Arena Logs! In Hearthstone: Heroes of Warcraft (the digital card game by Blizzard), there is a game mode called 'The Arena'. Build your deck of 30 cards from a random selection presented to you, and play with other players for more wins and prizes. 3 losses, and you are out. 12 is the maximum number of wins in 'The Arena'. This sub reddit aims to collect this data through user submissions. Browse and see what decks have gone the extra mile!",UNKNOWN,Insufficient information for classification,0,
1337x,https://www.reddit.com/r/1337x/,1337x - Welcome to r/1337x!,UNKNOWN,Insufficient information for classification,0,
13DaysofChristmas,https://www.reddit.com/r/13DaysofChristmas/,"Not all Christmases are bright - A collection of holidays stories. Christmas magic is real, but that doesn't make it good.",UNKNOWN,Insufficient information for classification,0,
13KeysToTheWhiteHouse,https://www.reddit.com/r/13KeysToTheWhiteHouse/,"13KeysToTheWhiteHouse - This is a community to discuss Professor Allan Lichtman‚Äôs 13 Keys To The White House, History, and Politics. It is recommended one takes a screenshot of their keys from the site 13keystracker.com, as this is the easiest format of the model to read and understand. ",UNKNOWN,Insufficient information for classification,0,hot
13WeekWeightLoss,https://www.reddit.com/r/13WeekWeightLoss/,13 Week Weight Loss Challenge - For all those participating in the 13 week challenge!,UNKNOWN,Insufficient information for classification,0,
13or30,https://www.reddit.com/r/13or30/,13 or 30? - When you can't tell the age of a person. Be Polite!,UNKNOWN,Insufficient information for classification,0,
13sentinels,https://www.reddit.com/r/13sentinels/,13 Sentinels: Aegis Rim - This is the subreddit for discussion of the Vanillaware mecha game 13 Sentinels: Aegis Rim.,UNKNOWN,Insufficient information for classification,0,
13thage,https://www.reddit.com/r/13thage/,13th Age Tabletop RPG - A subreddit for the Tabletop RPG 13th Age,UNKNOWN,Insufficient information for classification,0,
13yearolds,https://www.reddit.com/r/13yearolds/,"People that are 13 - Welcome! This subreddit is like r/teenagers, but exclusively for 13-15 year olds. Everyone is allowed to participate otherwise :) (except for pedos, predators and other dangerous people). 


*There is a Karma requirement for this subreddit. If you do not have enough Karma, your posts or comments will be removed by automod. 


**We enforce the rules of this subreddit. If your post/comment/account breaks the rules you may be banned.",UNKNOWN,Insufficient information for classification,0,teen
14ers,https://www.reddit.com/r/14ers/,"14ers - Hike, scramble, climb, and chat about 14ers (mountains 14,000 feet and taller) in Colorado and beyond.",UNKNOWN,Insufficient information for classification,0,
14yasimvarvebuderindi,https://www.reddit.com/r/14yasimvarvebuderindi/,14yasimvarvebuderindi - ancaq soxucu sozler. ayuye jizn varam!,UNKNOWN,Insufficient information for classification,0,
1500isplentyVegan,https://www.reddit.com/r/1500isplentyVegan/,No description found,UNKNOWN,No content found,0,
15Meme,https://www.reddit.com/r/15Meme/,No description found,UNKNOWN,No content found,0,
15SecondStories,https://www.reddit.com/r/15SecondStories/,No description found,UNKNOWN,No content found,0,
15minutecostumes,https://www.reddit.com/r/15minutecostumes/,No description found,UNKNOWN,No content found,0,
15minutefood,https://www.reddit.com/r/15minutefood/,No description found,UNKNOWN,No content found,0,
15mmSciFi,https://www.reddit.com/r/15mmSciFi/,No description found,UNKNOWN,No content found,0,
1600x900Wallpapers,https://www.reddit.com/r/1600x900Wallpapers/,No description found,UNKNOWN,No content found,0,
1632,https://www.reddit.com/r/1632/,No description found,UNKNOWN,No content found,0,
1688,https://www.reddit.com/r/1688/,No description found,UNKNOWN,No content found,0,
1688Reps,https://www.reddit.com/r/1688Reps/,No description found,UNKNOWN,No content found,0,
16mm,https://www.reddit.com/r/16mm/,No description found,UNKNOWN,No content found,0,
17776,https://www.reddit.com/r/17776/,No description found,UNKNOWN,No content found,0,
17hmr,https://www.reddit.com/r/17hmr/,No description found,UNKNOWN,No content found,0,
1800Drama,https://www.reddit.com/r/1800Drama/,No description found,UNKNOWN,No content found,0,
1800HavingFun,https://www.reddit.com/r/1800HavingFun/,No description found,UNKNOWN,No content found,0,
1801,https://www.reddit.com/r/1801/,No description found,UNKNOWN,No content found,0,
1811,https://www.reddit.com/r/1811/,No description found,UNKNOWN,No content found,0,
1811Jobs,https://www.reddit.com/r/1811Jobs/,No description found,UNKNOWN,No content found,0,
1860Munich,https://www.reddit.com/r/1860Munich/,No description found,UNKNOWN,No content found,0,
18650masterrace,https://www.reddit.com/r/18650masterrace/,No description found,UNKNOWN,No content found,0,
1883Series,https://www.reddit.com/r/1883Series/,No description found,UNKNOWN,No content found,0,
1899,https://www.reddit.com/r/1899/,No description found,UNKNOWN,No content found,0,
18XX,https://www.reddit.com/r/18XX/,No description found,UNKNOWN,No content found,0,
18plusftm,https://www.reddit.com/r/18plusftm/,No description found,UNKNOWN,No content found,0,
18thcentury,https://www.reddit.com/r/18thcentury/,No description found,UNKNOWN,No content found,0,
1900sMusic,https://www.reddit.com/r/1900sMusic/,No description found,UNKNOWN,No content found,0,
192,https://www.reddit.com/r/192/,No description found,UNKNOWN,No content found,0,
1920s,https://www.reddit.com/r/1920s/,No description found,UNKNOWN,No content found,0,
1923Series,https://www.reddit.com/r/1923Series/,No description found,UNKNOWN,No content found,0,
1940s,https://www.reddit.com/r/1940s/,No description found,UNKNOWN,No content found,0,
1945airforce,https://www.reddit.com/r/1945airforce/,No description found,UNKNOWN,No content found,0,
1950s,https://www.reddit.com/r/1950s/,No description found,UNKNOWN,No content found,0,
196,https://www.reddit.com/r/196/,No description found,UNKNOWN,No content found,0,
1960s,https://www.reddit.com/r/1960s/,No description found,UNKNOWN,No content found,0,
19684,https://www.reddit.com/r/19684/,No description found,UNKNOWN,No content found,0,
19687,https://www.reddit.com/r/19687/,No description found,UNKNOWN,No content found,0,
196AndAHalf,https://www.reddit.com/r/196AndAHalf/,No description found,UNKNOWN,No content found,0,
196x2,https://www.reddit.com/r/196x2/,No description found,UNKNOWN,No content found,0,
197,https://www.reddit.com/r/197/,No description found,UNKNOWN,No content found,0,
1970s,https://www.reddit.com/r/1970s/,No description found,UNKNOWN,No content found,0,
1970snostalgia,https://www.reddit.com/r/1970snostalgia/,No description found,UNKNOWN,No content found,0,
198,https://www.reddit.com/r/198/,No description found,UNKNOWN,No content found,0,
1980s,https://www.reddit.com/r/1980s/,No description found,UNKNOWN,No content found,0,
1984,https://www.reddit.com/r/1984/,No description found,UNKNOWN,No content found,0,
1985sweet1985,https://www.reddit.com/r/1985sweet1985/,No description found,UNKNOWN,No content found,0,
199,https://www.reddit.com/r/199/,No description found,UNKNOWN,No content found,0,
1990s,https://www.reddit.com/r/1990s/,No description found,UNKNOWN,No content found,0,
1998gang,https://www.reddit.com/r/1998gang/,No description found,UNKNOWN,No content found,0,
1999,https://www.reddit.com/r/1999/,No description found,UNKNOWN,No content found,0,
19th,https://www.reddit.com/r/19th/,No description found,UNKNOWN,No content found,0,
19thcentury,https://www.reddit.com/r/19thcentury/,No description found,UNKNOWN,No content found,0,
19thworldproblems,https://www.reddit.com/r/19thworldproblems/,No description found,UNKNOWN,No content found,0,
1Anti_GraceVD,https://www.reddit.com/r/1Anti_GraceVD/,No description found,UNKNOWN,No content found,0,
1Cloud9SC,https://www.reddit.com/r/1Cloud9SC/,No description found,UNKNOWN,No content found,0,
1FCNuernberg,https://www.reddit.com/r/1FCNuernberg/,No description found,UNKNOWN,No content found,0,
1FirstCashAdvance,https://www.reddit.com/r/1FirstCashAdvance/,No description found,UNKNOWN,No content found,0,
1K2021,https://www.reddit.com/r/1K2021/,No description found,UNKNOWN,No content found,0,
1Man_MoreWomen,https://www.reddit.com/r/1Man_MoreWomen/,No description found,UNKNOWN,No content found,0,
1Night2Days,https://www.reddit.com/r/1Night2Days/,No description found,UNKNOWN,No content found,0,
1Password,https://www.reddit.com/r/1Password/,No description found,UNKNOWN,No content found,0,
1SecondBeforeDisaster,https://www.reddit.com/r/1SecondBeforeDisaster/,No description found,UNKNOWN,No content found,0,
1T5SRFTCOMD,https://www.reddit.com/r/1T5SRFTCOMD/,No description found,UNKNOWN,No content found,0,
1VPN,https://www.reddit.com/r/1VPN/,No description found,UNKNOWN,No content found,0,
1V_LSD,https://www.reddit.com/r/1V_LSD/,No description found,UNKNOWN,No content found,0,
1bitmonochrome,https://www.reddit.com/r/1bitmonochrome/,No description found,UNKNOWN,No content found,0,
1d6Adventurers,https://www.reddit.com/r/1d6Adventurers/,No description found,UNKNOWN,No content found,0,
1inch,https://www.reddit.com/r/1inch/,No description found,UNKNOWN,No content found,0,
1kto1mil,https://www.reddit.com/r/1kto1mil/,No description found,UNKNOWN,No content found,0,
1morewow,https://www.reddit.com/r/1morewow/,No description found,UNKNOWN,No content found,0,
1oneam,https://www.reddit.com/r/1oneam/,No description found,UNKNOWN,No content found,0,
1or13,https://www.reddit.com/r/1or13/,No description found,UNKNOWN,No content found,0,
1queenginasnark,https://www.reddit.com/r/1queenginasnark/,No description found,UNKNOWN,No content found,0,
1series,https://www.reddit.com/r/1series/,No description found,UNKNOWN,No content found,0,
1sland,https://www.reddit.com/r/1sland/,No description found,UNKNOWN,No content found,0,
1stAmendment,https://www.reddit.com/r/1stAmendment/,No description found,UNKNOWN,No content found,0,
1stGenDodges,https://www.reddit.com/r/1stGenDodges/,No description found,UNKNOWN,No content found,0,
1stGenTacomas,https://www.reddit.com/r/1stGenTacomas/,No description found,UNKNOWN,No content found,0,
1stGenTundras,https://www.reddit.com/r/1stGenTundras/,No description found,UNKNOWN,No content found,0,
1stPersonAnimations,https://www.reddit.com/r/1stPersonAnimations/,No description found,UNKNOWN,No content found,0,
1star,https://www.reddit.com/r/1star/,No description found,UNKNOWN,No content found,0,
1stphorm,https://www.reddit.com/r/1stphorm/,No description found,UNKNOWN,No content found,0,
1through10,https://www.reddit.com/r/1through10/,No description found,UNKNOWN,No content found,0,
1to1reps,https://www.reddit.com/r/1to1reps/,No description found,UNKNOWN,No content found,0,
1zpresso,https://www.reddit.com/r/1zpresso/,No description found,UNKNOWN,No content found,0,
2000ad,https://www.reddit.com/r/2000ad/,No description found,UNKNOWN,No content found,0,
2000s,https://www.reddit.com/r/2000s/,No description found,UNKNOWN,No content found,0,
2000sCommercials,https://www.reddit.com/r/2000sCommercials/,No description found,UNKNOWN,No content found,0,
2000sMusic,https://www.reddit.com/r/2000sMusic/,No description found,UNKNOWN,No content found,0,
2000sNostalgia,https://www.reddit.com/r/2000sNostalgia/,No description found,UNKNOWN,No content found,0,
2000treesfestival,https://www.reddit.com/r/2000treesfestival/,"2000 Trees Festival - 2000 trees is a music festival in Withington UK 

Website: https://2000trees.co.uk/

For ticket resales please visit: https://www.twickets.live/",UNKNOWN,Insufficient information for classification,0,
2001aspaceodyssey,https://www.reddit.com/r/2001aspaceodyssey/,"2001: A Space Odyssey - This sub is dedicated to the film 2001: A Space Odyssey (1968), the novel series Space Odyssey, and material related to the series",UNKNOWN,Insufficient information for classification,0,
2003,https://www.reddit.com/r/2003/,2003  - A place to mingle with other people born in the year of 2003!,UNKNOWN,Insufficient information for classification,0,
2003CloneWarsMemes,https://www.reddit.com/r/2003CloneWarsMemes/,For all your original clone wars meme needs - A subreddit designed to only have memes based on Genndy Tartakovsky's original clone wars series.,UNKNOWN,Insufficient information for classification,0,
2004Babies,https://www.reddit.com/r/2004Babies/,"2004Babies - The community for all 2004 babies to come together and chat, post memes, etc.",UNKNOWN,Insufficient information for classification,0,
2004lostcityrs,https://www.reddit.com/r/2004lostcityrs/,"2004lostcityrs - This is a free, open-source, community-run project.
We are trying to preserve a moment in time for posterity.

Our server was written from scratch after many hours of research and peer review. Everything you see is completely and transparently open source.
You can play it here : https://2004.lostcity.rs",UNKNOWN,Insufficient information for classification,0,
2007scape,https://www.reddit.com/r/2007scape/,"Old School RuneScape! - The community for Old School RuneScape discussion on Reddit.

Join us for game discussions, tips and tricks, and all things OSRS!
OSRS is the official legacy version of RuneScape, the largest free-to-play MMORPG.",NO,"Safe content indicators: community, discussion, tips",0,
200Situps,https://www.reddit.com/r/200Situps/,"200 Situps - Increase your body strength at home for free. The plan consists of ever-increasing numbers of situps according to your initial ability. It also relies on rest days to allow your body to build strength.

The plan takes 6 weeks in total to get you from being able to do 0 situps, to 200 consecutive situps. You need to commit around 30 minutes per week to the programme.

*****
The Plan |
:--|------|:-----------|-----------|---|---|---|-----|-----------|------------|-------------|
[Initial Test](http://www.twohundredsitups.com/test.html)| 
[Week 1](http://twohundredsitups.com/week1.html)|
[Week 2](http://twohundredsitups.com/week2.html)|
[Week 3](http://twohundredsitups.com/week3.html)|
[Week 4](http://twohundredsitups.com/week4.html)|
[Week 5](http://twohundredsitups.com/week5.html)|
[Week 6](http://twohundredsitups.com/week6.html)|
[Final Test](http://twohundredsitups.com/finaltest.html)|

*****

**[What is a situp?](http://www.twohundredsitups.com/what.html)**

*****
Things to do on your rest days: |
:--|------|:-----------|-----------|---|---|---|-----|-----------|------------|-------------|
/r/c25k|
/r/b210k|
/r/100pushups|
/r/200squats|
/r/150dips|
[all in one](http://reddit.com/r/c25k+b210k+100pushups+200situps+200squats+150dips)||


You might also be interested in: |
:--|------|:-----------|-----------|---|---|---|-----|-----------|------------|-------------|
/r/running|
/r/barefoot|
/r/fitness|
/r/xxfitness|
/r/loseit|
/r/getmotivated|
[all in one](http://reddit.com/r/running+barefoot+fitness+xxfitness+loseit+getmotivated)||




*****

The two hundred situps scheme is taken from http://www.twohundredsitups.com/ We are not affiliated in any way.",UNKNOWN,Insufficient information for classification,0,bare
200YearsAgo,https://www.reddit.com/r/200YearsAgo/,"200 Years Ago - About this subreddit: This subreddit was started ten years ago by /u/NotApostolate. Inspired by /r/100yearsago, I, michaelnoir, began to make posts in the same format in October 2014. I also made subreddits for the other centuries A.D. 

How you can contribute: Just post something from the year in question, at the moment, 1819. A painting, a print, a letter, an event, a book, or whatever else you can find. *It does not have to be an exact date*, as long as it's from the year in question.",UNKNOWN,Insufficient information for classification,0,tribute
200wordrpg,https://www.reddit.com/r/200wordrpg/,200 Word RPG - The purpose of this community is to discuss 200 word rpgs and the annual challenge.,UNKNOWN,Insufficient information for classification,0,
