Score,Title,Subreddit,Author,Upvotes,Comments,URL
9,What is your first step into creating a productive daily routine?,r/productivity,rxzyer,58,48,https://www.reddit.com/r/productivity/comments/1lg3bvt/what_is_your_first_step_into_creating_a/
9,My phone addiction is in a chronic stage and I can't stop it.,r/productivity,HomeworkWise5575,84,35,https://www.reddit.com/r/productivity/comments/1lf8qz0/my_phone_addiction_is_in_a_chronic_stage_and_i/
9,"Need help, the DMV willnot accept valid insurance",r/legal,More-Adhesiveness254,90,110,https://www.reddit.com/r/legal/comments/1lrdd7b/need_help_the_dmv_willnot_accept_valid_insurance/
9,Is my bio dad allowed to do this LOCATION:Illinois,r/legal,jay_ist_gay,66,130,https://www.reddit.com/r/legal/comments/1lfuekr/is_my_bio_dad_allowed_to_do_this_locationillinois/
7,"Marketer here, looking to team up with a technical founder",r/startup,JohnnyGazzer,37,37,https://www.reddit.com/r/startup/comments/1lep4zz/marketer_here_looking_to_team_up_with_a_technical/
7,Need help managing my emotions on this project/client,r/freelance,BladerKenny333,12,24,https://www.reddit.com/r/freelance/comments/1hublc2/need_help_managing_my_emotions_on_this/
7,Help! My marketing activities are through the roof but my ROI is MIA. 😶,r/analytics,the_marketing_geek,22,33,https://www.reddit.com/r/analytics/comments/1kxkf0a/help_my_marketing_activities_are_through_the_roof/
7,Am I terrible at my job?,r/Bookkeeping,OutrageousArt7123,24,54,https://www.reddit.com/r/Bookkeeping/comments/1lpn7h1/am_i_terrible_at_my_job/
7,What do you find to be resistance to businesses getting a bookkeeper,r/Bookkeeping,Longjumping-Let-4358,30,36,https://www.reddit.com/r/Bookkeeping/comments/1l1rqm7/what_do_you_find_to_be_resistance_to_businesses/
7,How to get status from engineering teams?,r/projectmanagement,swissarmychainsaw,24,29,https://www.reddit.com/r/projectmanagement/comments/1kivmwk/how_to_get_status_from_engineering_teams/
7,7 acres and smaller home vs larger home on .5 acres,r/RealEstate,ShotAirport9545,19,213,https://www.reddit.com/r/RealEstate/comments/1lsa8nj/7_acres_and_smaller_home_vs_larger_home_on_5_acres/
7,Urgent: First time dealing with bail so I need help bailing out a friend in Santa Ana,r/legal,HudyD,105,7,https://www.reddit.com/r/legal/comments/1lmyset/urgent_first_time_dealing_with_bail_so_i_need/
7,Credit card fraud? A furniture store opened a credit card without me there,r/legal,jadytw,37,21,https://www.reddit.com/r/legal/comments/1lh5k2o/credit_card_fraud_a_furniture_store_opened_a/
7,Non-profit status denied in Virginia and we already established a board of directors and have been operating for 6 months.,r/nonprofit,Remote-Camel6946,14,42,https://www.reddit.com/r/nonprofit/comments/1lphj44/nonprofit_status_denied_in_virginia_and_we/
7,Not getting hits on my resume - need help,r/Accounting,Tuffbacon,18,52,https://www.reddit.com/r/Accounting/comments/1lsrizs/not_getting_hits_on_my_resume_need_help/
7,Best CRM for donor management,r/CRM,Silly_Employment8211,11,24,https://www.reddit.com/r/CRM/comments/1jvnprd/best_crm_for_donor_management/
7,I was “homeschooled” and I need help building my education.,r/education,CandyNecklacesLanita,16,37,https://www.reddit.com/r/education/comments/1knq5e1/i_was_homeschooled_and_i_need_help_building_my/
7,I tested 20 productivity apps in 3 months [Tool],r/GetMotivated,theunknown7795,85,12,https://www.reddit.com/r/GetMotivated/comments/1l85kuk/i_tested_20_productivity_apps_in_3_months_tool/
7,How long do you think is too long to work on a ticket?,r/it,Thynameiszed_,30,26,https://www.reddit.com/r/it/comments/1kx4zi6/how_long_do_you_think_is_too_long_to_work_on_a/
7,Office thinks my job is a joke,r/marketing,horahj,21,33,https://www.reddit.com/r/marketing/comments/1laoe10/office_thinks_my_job_is_a_joke/
7,I need help getting better organized! I need to go through some clothes but I also have two other closets filled with my clothes please help!,r/organization,MustangMaiden,20,21,https://www.reddit.com/r/organization/comments/ypytop/i_need_help_getting_better_organized_i_need_to_go/
6,I feel like I’m lost and don’t want to run this business,r/smallbusiness,Environmental_Leg734,9,32,https://www.reddit.com/r/smallbusiness/comments/1lqx4u1/i_feel_like_im_lost_and_dont_want_to_run_this/
6,I need help. What's the best HelpDesk / Service Desk Software?,r/sysadmin,nairobi_fly,8,41,https://www.reddit.com/r/sysadmin/comments/1lrrg2f/i_need_help_whats_the_best_helpdesk_service_desk/
6,Chasing a Ghost,r/sysadmin,cleveradmin,5,23,https://www.reddit.com/r/sysadmin/comments/1lobmmr/chasing_a_ghost/
6,I want to own student housing. But $2.5k saved. Where do I start?,r/RealEstate,Big_Seesaw7078,0,32,https://www.reddit.com/r/RealEstate/comments/1ls1q39/i_want_to_own_student_housing_but_25k_saved_where/
6,My gf is a NP and I need help.,r/healthcare,Working-Chair8830,7,33,https://www.reddit.com/r/healthcare/comments/1l8xp9u/my_gf_is_a_np_and_i_need_help/
6,Is this a scam or not because i am really confused.,r/legal,DemonQueenHell,0,50,https://www.reddit.com/r/legal/comments/1litjp6/is_this_a_scam_or_not_because_i_am_really_confused/
6,"I'm at fault, other party claims bodily injury",r/Insurance,maeimaei,0,58,https://www.reddit.com/r/Insurance/comments/1lq7xaq/im_at_fault_other_party_claims_bodily_injury/
6,Need help finding sex toy liability insurance,r/Insurance,danlion02,0,28,https://www.reddit.com/r/Insurance/comments/1lq6qcq/need_help_finding_sex_toy_liability_insurance/
6,Do I fire this client?,r/agency,theopinionator--,9,36,https://www.reddit.com/r/agency/comments/1jmbcnm/do_i_fire_this_client/
6,"I am 15, I need help and advice with my business model.",r/business,Fantastic_Bed3903,0,26,https://www.reddit.com/r/business/comments/1ln5gmf/i_am_15_i_need_help_and_advice_with_my_business/
6,New to this and need CRM recommendations.,r/CRM,Panderton,7,31,https://www.reddit.com/r/CRM/comments/1jix5s1/new_to_this_and_need_crm_recommendations/
6,[Text] Physically assaulted by boss and fired so i need help with a new job,r/GetMotivated,End_of_Life_Space,0,22,https://www.reddit.com/r/GetMotivated/comments/1kydydf/text_physically_assaulted_by_boss_and_fired_so_i/
6,Need help with buying a pc,r/it,Alternative_Ad5167,1,21,https://www.reddit.com/r/it/comments/1l8uup1/need_help_with_buying_a_pc/
6,What I can do to not pay $12000 buyout fee?,r/legaladvice,BrucefromChina,0,30,https://www.reddit.com/r/legaladvice/comments/1lt54hp/what_i_can_do_to_not_pay_12000_buyout_fee/
6,"Advice Needed - If you were me, would you hire an agency? If so, what sort of agency should I consider? TIA",r/marketing,JustThinking86,8,31,https://www.reddit.com/r/marketing/comments/1ltc8e8/advice_needed_if_you_were_me_would_you_hire_an/
5,Need help running a solo business,r/automation,Loud-Annual-8703,13,19,https://www.reddit.com/r/automation/comments/1lqcvq2/need_help_running_a_solo_business/
5,"Finally, I did some real ABM using Clay and Webflow to automate 171 landing pages under 30mins.",r/automation,DeepNamasteValue,22,15,https://www.reddit.com/r/automation/comments/1ln6277/finally_i_did_some_real_abm_using_clay_and/
5,Need help with re-reconciliation in QuickBooks Online.,r/Bookkeeping,DanglyWorm,12,13,https://www.reddit.com/r/Bookkeeping/comments/1kx3kip/need_help_with_rereconciliation_in_quickbooks/
5,Client - Employee Ratio: What's your setup?,r/agency,LennardMicroSaaS,12,13,https://www.reddit.com/r/agency/comments/1kwqf6b/client_employee_ratio_whats_your_setup/
5,Taking a break from true crime — trying to reset my mind and need help switching up my YouTube habits [Text],r/GetMotivated,osito_pachon,13,7,https://www.reddit.com/r/GetMotivated/comments/1k6jwqp/taking_a_break_from_true_crime_trying_to_reset_my/
5,"Trying to decide on a content writing software (SurferSEO, WriterZen, Frase, etc.)",r/juststart,pokusima7r,34,12,https://www.reddit.com/r/juststart/comments/12oiowa/trying_to_decide_on_a_content_writing_software/
5,What job market am I in?,r/marketing,beatbox69,17,17,https://www.reddit.com/r/marketing/comments/1lrs1ub/what_job_market_am_i_in/
5,Need help organizing small kitchen,r/organization,omnipresentconfusion,38,18,https://www.reddit.com/r/organization/comments/1c2rtcr/need_help_organizing_small_kitchen/
5,Need help organizing especially with bottom of fridge,r/organization,terferi,19,20,https://www.reddit.com/r/organization/comments/1av9n7u/need_help_organizing_especially_with_bottom_of/
5,Need help organizing my bike tool/stuff cart,r/organization,itsmhuang,18,12,https://www.reddit.com/r/organization/comments/17gon9e/need_help_organizing_my_bike_toolstuff_cart/
5,Need help with organizing spices and other pantry items.,r/organization,kl131313,31,12,https://www.reddit.com/r/organization/comments/171d5mt/need_help_with_organizing_spices_and_other_pantry/
5,Need help organizing closet,r/organization,MuscovadoSugarTreat,12,19,https://www.reddit.com/r/organization/comments/16smcdg/need_help_organizing_closet/
5,Need help: Mail / command center on the side of fridge,r/organization,marvelousmrs,27,13,https://www.reddit.com/r/organization/comments/13hiebl/need_help_mail_command_center_on_the_side_of/
5,"need help with depression mess, got kicked out",r/organization,Lindsey7618,41,20,https://www.reddit.com/r/organization/comments/1048lps/need_help_with_depression_mess_got_kicked_out/
5,need help organizing this desk into something useful,r/organization,Nobody-Inhere,11,6,https://www.reddit.com/r/organization/comments/xyxvrv/need_help_organizing_this_desk_into_something/
4,Need help but can’t afford to hire anyone ?,r/Entrepreneur,NewBlop,0,8,https://www.reddit.com/r/Entrepreneur/comments/1lu7owl/need_help_but_cant_afford_to_hire_anyone/
4,NEED HELP/ADVICE,r/Entrepreneur,LOSTBLOOD1609,6,9,https://www.reddit.com/r/Entrepreneur/comments/1ls0lnr/need_helpadvice/
4,New business help/advice,r/Entrepreneur,Ecstatic_Fact7143,7,9,https://www.reddit.com/r/Entrepreneur/comments/1lpm55m/new_business_helpadvice/
4,I'm screwed up in B2B client finding and need help.,r/Entrepreneur,lydian3,2,17,https://www.reddit.com/r/Entrepreneur/comments/1lopzl2/im_screwed_up_in_b2b_client_finding_and_need_help/
4,Advice from bakery cafe combo business owners please,r/smallbusiness,Zombieversusworld,1,8,https://www.reddit.com/r/smallbusiness/comments/1lubm4m/advice_from_bakery_cafe_combo_business_owners/
4,LUXURY GOODS NANO BUSINESS,r/smallbusiness,DayumMami,0,8,https://www.reddit.com/r/smallbusiness/comments/1lsergl/luxury_goods_nano_business/
4,Time Management Resources/Books for solopreneurs?,r/smallbusiness,pineandthistle,0,7,https://www.reddit.com/r/smallbusiness/comments/1lqq92l/time_management_resourcesbooks_for_solopreneurs/
4,Someone just turned on 2FA without my knowledge and hacked my account. Need help,r/help,Aggravating_Air4667,1,14,https://www.reddit.com/r/help/comments/1lrpdh9/someone_just_turned_on_2fa_without_my_knowledge/
4,Nobody is answering my question anywhere so I desperately need help. Mobile web btw,r/help,Emoterman,1,7,https://www.reddit.com/r/help/comments/1lr1ltj/nobody_is_answering_my_question_anywhere_so_i/
4,I need Help,r/DigitalMarketingHelp,danitwelve91,2,6,https://www.reddit.com/r/DigitalMarketingHelp/comments/1ih8z95/i_need_help/
4,how do you get qualified leads for a B2B mobile app maintenance service?,r/MarketingHelp,Katana_1170,1,7,https://www.reddit.com/r/MarketingHelp/comments/1la0d1b/how_do_you_get_qualified_leads_for_a_b2b_mobile/
4,🎯 Want More Engagement? Start By Giving Value First!,r/MarketingHelp,Expensive-Long344,1,7,https://www.reddit.com/r/MarketingHelp/comments/1hfjk9r/want_more_engagement_start_by_giving_value_first/
4,Need Help with best Canadian fashion influencers,r/MarketingHelp,mediiivh,6,6,https://www.reddit.com/r/MarketingHelp/comments/1h12bqo/need_help_with_best_canadian_fashion_influencers/
4,Need help marketing my email wait-list signups.,r/MarketingHelp,videogamebruh,3,9,https://www.reddit.com/r/MarketingHelp/comments/1bw2j6a/need_help_marketing_my_email_waitlist_signups/
4,Help getting more clients,r/SmallBusinessOwners,MatthewVivaDigital,5,6,https://www.reddit.com/r/SmallBusinessOwners/comments/1ketca8/help_getting_more_clients/
4,"A challenge, maybe!",r/automation,cozycorner,1,7,https://www.reddit.com/r/automation/comments/1lotpqu/a_challenge_maybe/
4,Need help with finding clients. - Automation,r/automation,tinusandy,2,15,https://www.reddit.com/r/automation/comments/1ljvn0c/need_help_with_finding_clients_automation/
4,Identifying numbers that both have right and left,r/excel,peyipay,5,17,https://www.reddit.com/r/excel/comments/1lsxxo5/identifying_numbers_that_both_have_right_and_left/
4,Strength Coach Learning Excel — Need Help Fixing Template Macros &amp; Batch Saving Forms (Windows),r/excel,mogotraining,1,8,https://www.reddit.com/r/excel/comments/1lrbx8a/strength_coach_learning_excel_need_help_fixing/
4,CountIfs in three columns,r/excel,Donni80,2,6,https://www.reddit.com/r/excel/comments/1lp85d7/countifs_in_three_columns/
4,2 cell can be edited,r/excel,kawaiicelyynna,2,9,https://www.reddit.com/r/excel/comments/1loj581/2_cell_can_be_edited/
4,How do I start eating healthy?,r/productivity,Kooky_Homework_6829,6,11,https://www.reddit.com/r/productivity/comments/1lki3qu/how_do_i_start_eating_healthy/
4,Need help understanding hour expectations,r/freelance,AncientSpecialist888,3,11,https://www.reddit.com/r/freelance/comments/1iycsvq/need_help_understanding_hour_expectations/
4,hey need help for contract,r/freelance,Nervous_Jump8341,5,10,https://www.reddit.com/r/freelance/comments/1ixpbj4/hey_need_help_for_contract/
4,finally started getting real results with abandoned cart recovery (not just spammy emails),r/ecommerce,CommunicationOdd838,9,6,https://www.reddit.com/r/ecommerce/comments/1l8g8ip/finally_started_getting_real_results_with/
4,Looking for a supplier for replica branded clothing or other products (ships straight to the customer),r/ecommerce,P0lpett0n3,0,8,https://www.reddit.com/r/ecommerce/comments/1l48dvv/looking_for_a_supplier_for_replica_branded/
4,First Hire for a Family-Owned Business: Tips and Tools for a Smooth Start!,r/ecommerce,Visible-Economics296,4,8,https://www.reddit.com/r/ecommerce/comments/1l1lbq0/first_hire_for_a_familyowned_business_tips_and/
4,"Tenant mistakenly sent payment to my HOA instead of me, How do i fix this issue?",r/Bookkeeping,galacticjuggernaut,6,9,https://www.reddit.com/r/Bookkeeping/comments/1lpak1v/tenant_mistakenly_sent_payment_to_my_hoa_instead/
4,i can't handle customers anymore,r/CustomerService,bog-fish,10,7,https://www.reddit.com/r/CustomerService/comments/1jxlfxj/i_cant_handle_customers_anymore/
4,My manager brings her young son into work when she’s the only manager on duty while constantly riding me for legitimately no reason. What should I do?,r/CustomerService,Huge-Possibility1918,14,2,https://www.reddit.com/r/CustomerService/comments/1jpepcd/my_manager_brings_her_young_son_into_work_when/
4,I need help opening walmart links in the app?,r/workflow,oaxaquitoward,2,10,https://www.reddit.com/r/workflow/comments/9qf2gw/i_need_help_opening_walmart_links_in_the_app/
4,Advanced Workflow Help?,r/workflow,mikeyninja,3,13,https://www.reddit.com/r/workflow/comments/9kjymo/advanced_workflow_help/
4,Need help creating a workflow that shuffles music by not recently played,r/workflow,sku11_kn1ght,0,14,https://www.reddit.com/r/workflow/comments/99e2ms/need_help_creating_a_workflow_that_shuffles_music/
4,Need help with “if” after a menu,r/workflow,securitybenji,0,14,https://www.reddit.com/r/workflow/comments/99c211/need_help_with_if_after_a_menu/
4,need help converting Cº to Fº in a weather wf,r/workflow,zebrathon,2,7,https://www.reddit.com/r/workflow/comments/998ydz/need_help_converting_cº_to_fº_in_a_weather_wf/
4,Need help with a email workflow for work,r/workflow,Rymcgiv,2,6,https://www.reddit.com/r/workflow/comments/90jo0r/need_help_with_a_email_workflow_for_work/
4,"pfSense VM on ESXi is down — network inaccessible, need help",r/sysadmin,kus222,0,11,https://www.reddit.com/r/sysadmin/comments/1lu48tf/pfsense_vm_on_esxi_is_down_network_inaccessible/
4,I have inherited an HPE MSL6480 tape library and need help getting started,r/sysadmin,T-A-Z,0,8,https://www.reddit.com/r/sysadmin/comments/1lqp53r/i_have_inherited_an_hpe_msl6480_tape_library_and/
4,"In a precarious position with my partner, need help",r/healthcare,AnalysisKitchen4607,3,8,https://www.reddit.com/r/healthcare/comments/1lkafbi/in_a_precarious_position_with_my_partner_need_help/
4,I need help on emancipation for the near future,r/legal,zoltar_xymph,0,18,https://www.reddit.com/r/legal/comments/1lqcs0s/i_need_help_on_emancipation_for_the_near_future/
4,I need help with a family member trying to keep all land that’s is supposed to be split up,r/legal,fresh1107,10,17,https://www.reddit.com/r/legal/comments/1lg3hg2/i_need_help_with_a_family_member_trying_to_keep/
4,Need help figuring out if cash sales are too low -- NYC,r/restaurant,According_Storm3439,3,10,https://www.reddit.com/r/restaurant/comments/1lr7n13/need_help_figuring_out_if_cash_sales_are_too_low/
4,Teams and Sharepoint use,r/nonprofit,EyeLittle415,5,6,https://www.reddit.com/r/nonprofit/comments/1kxgqui/teams_and_sharepoint_use/
4,"First wreck, total loss, need help navigating this.",r/Insurance,palomalovett,4,7,https://www.reddit.com/r/Insurance/comments/1ls24d4/first_wreck_total_loss_need_help_navigating_this/
4,Need help after a car accident! How to argue and How to find the camera footage?,r/Insurance,elena101000,0,6,https://www.reddit.com/r/Insurance/comments/1lpd5kw/need_help_after_a_car_accident_how_to_argue_and/
4,First time claim - need help,r/Insurance,IcyActuary8120,0,12,https://www.reddit.com/r/Insurance/comments/1lpaud4/first_time_claim_need_help/
4,Need help please,r/Insurance,Responsible_Night_67,0,7,https://www.reddit.com/r/Insurance/comments/1lowynf/need_help_please/
4,Looking for advice and insights.,r/StartupsHelpStartups,FusionX_Innovations,2,6,https://www.reddit.com/r/StartupsHelpStartups/comments/1lr7gg9/looking_for_advice_and_insights/
4,6 year HS Math Teacher looking to transition into a Learning &amp; Development role and need help,r/Training,Front_Specific_1391,1,11,https://www.reddit.com/r/Training/comments/1iig6we/6_year_hs_math_teacher_looking_to_transition_into/
4,Need help with understanding more about the L&amp;D industry.,r/Training,Zombie_Wizard999,3,7,https://www.reddit.com/r/Training/comments/1igla63/need_help_with_understanding_more_about_the_ld/
4,I need help - platform/ program recommendations?,r/Training,kathleenomeano,3,7,https://www.reddit.com/r/Training/comments/12bkyzm/i_need_help_platform_program_recommendations/
4,Need help with homework,r/Accounting,IncredibleYolk,0,6,https://www.reddit.com/r/Accounting/comments/1luehm3/need_help_with_homework/
4,700K/Year customer paying late,r/business,hiddengem6352jsj,0,19,https://www.reddit.com/r/business/comments/1lskh1y/700kyear_customer_paying_late/
4,Need help with a list,r/CRM,genemarks,1,8,https://www.reddit.com/r/CRM/comments/1j9rl0d/need_help_with_a_list/
4,Need help with Monday CRM - showing Demo to higher ups,r/CRM,Chelister,1,13,https://www.reddit.com/r/CRM/comments/1j6mhzk/need_help_with_monday_crm_showing_demo_to_higher/
4,Need help understanding what tests to use,r/data,ThreeDogsInAJar,1,6,https://www.reddit.com/r/data/comments/1k9nwmt/need_help_understanding_what_tests_to_use/
4,Need help finding remote job,r/digitalnomad,Lower-Sound-9895,0,10,https://www.reddit.com/r/digitalnomad/comments/1lm551e/need_help_finding_remote_job/
4,"Clingy school culture, constant group projects",r/education,IAmTheRedditBrowser,5,7,https://www.reddit.com/r/education/comments/1lbappv/clingy_school_culture_constant_group_projects/
4,[Story]? Need help,r/GetMotivated,Impressive_Nobody454,2,9,https://www.reddit.com/r/GetMotivated/comments/1kgyg9k/story_need_help/
4,I need help to get my 3 monitor setup to run,r/it,Guilty-Resort-4665,0,9,https://www.reddit.com/r/it/comments/1lu2yia/i_need_help_to_get_my_3_monitor_setup_to_run/
4,"I need help with restarting my laptop, Lenovo - windows 11",r/it,jjaywhypee,4,9,https://www.reddit.com/r/it/comments/1lsfsod/i_need_help_with_restarting_my_laptop_lenovo/
4,IT issue- security cameras need help-,r/it,Myusername526,0,6,https://www.reddit.com/r/it/comments/1lpxtij/it_issue_security_cameras_need_help/
4,Is my helpdesk job a good one?,r/it,thisismydickprofile,4,7,https://www.reddit.com/r/it/comments/1liz91q/is_my_helpdesk_job_a_good_one/
4,Need help with active directory bitlocker key,r/it,Phantom_Infinite,1,9,https://www.reddit.com/r/it/comments/1liz2js/need_help_with_active_directory_bitlocker_key/
4,How much do you charge for side projects?,r/it,bicho08,2,6,https://www.reddit.com/r/it/comments/1le2t8j/how_much_do_you_charge_for_side_projects/
4,Studying IT - Need Help..,r/it,Lost_Soul_721,0,8,https://www.reddit.com/r/it/comments/1l8418g/studying_it_need_help/
4,Need Help Finding A Job ASAP,r/it,These_Heron_2945,4,6,https://www.reddit.com/r/it/comments/1l2ne7c/need_help_finding_a_job_asap/
4,need help with this question,r/it,Every_Boot2381,7,12,https://www.reddit.com/r/it/comments/1kwudq6/need_help_with_this_question/
4,"I need help starting a project that requires many pages and product comparisons. I have already collected a lot of data, but I am struggling with how to generate, present, and compare pages.",r/juststart,Los_Joshos,9,19,https://www.reddit.com/r/juststart/comments/17hvgq7/i_need_help_starting_a_project_that_requires_many/
4,Calling all veteran website owners &amp; bloggers: I need help choosing between Ghost Pro &amp; Wordpress.org for a simple living/wellness blog that will sim for monetisation through ads,r/juststart,shuffles03,5,20,https://www.reddit.com/r/juststart/comments/16etpfl/calling_all_veteran_website_owners_bloggers_i/
4,I need help... (motivation / assurance?) Imposter Syndrome....or something. What do you do?,r/juststart,Chritt,9,12,https://www.reddit.com/r/juststart/comments/15r0r8a/i_need_help_motivation_assurance_imposter/
4,Need Help with Amazon Affiliate Application Rejections - Issue with Special Links Tags,r/juststart,DongyCheese,9,13,https://www.reddit.com/r/juststart/comments/13lxcy6/need_help_with_amazon_affiliate_application/
4,"I want to live with my dad but my grandmother says I’ll never be allowed, is there anything else I can do",r/legaladvice,Defiant-Assistant924,3,10,https://www.reddit.com/r/legaladvice/comments/1luamu0/i_want_to_live_with_my_dad_but_my_grandmother/
4,Need help - relationship between a 18 and 16 year old,r/legaladvice,adjustable_o_rings,0,10,https://www.reddit.com/r/legaladvice/comments/1ltvcrg/need_help_relationship_between_a_18_and_16_year/
4,cyber stalking help?,r/legaladvice,decayisbae,3,16,https://www.reddit.com/r/legaladvice/comments/1ltkku3/cyber_stalking_help/
4,Calling Leads in USA! Need help!,r/marketing,Dangerous_Yak7138,2,12,https://www.reddit.com/r/marketing/comments/1lta6xs/calling_leads_in_usa_need_help/
4,Need expert help: Google Ads &amp; Meta Ads campaigns getting impressions but zero conversions. What am I missing?,r/marketing,WesternAcademic6923,1,6,https://www.reddit.com/r/marketing/comments/1lqrzj9/need_expert_help_google_ads_meta_ads_campaigns/
4,Need help sourcing an organizer...,r/organization,balancelibertine,10,12,https://www.reddit.com/r/organization/comments/1bjfxb5/need_help_sourcing_an_organizer/
4,Need help with organization,r/organization,beachpony,5,9,https://www.reddit.com/r/organization/comments/176op71/need_help_with_organization/
4,Need help securing under-bed drawer storage,r/organization,tallgirlfemme,9,11,https://www.reddit.com/r/organization/comments/12goflp/need_help_securing_underbed_drawer_storage/
4,Need help with a small space in a rented (so no permanent changes) bathroom.,r/organization,AtomikRadio,8,15,https://www.reddit.com/r/organization/comments/zcdk8u/need_help_with_a_small_space_in_a_rented_so_no/
4,Need Help. Called back for second Interview for Crunch Fitness.,r/personaltraining,ThebrooklinKnyte343,0,6,https://www.reddit.com/r/personaltraining/comments/1l8n14b/need_help_called_back_for_second_interview_for/
4,Need help!,r/remotework,After_Plum_670,0,8,https://www.reddit.com/r/remotework/comments/1lqim0a/need_help/
3,"Feedback Friday! - July 04, 2025",r/Entrepreneur,AutoModerator,1,5,https://www.reddit.com/r/Entrepreneur/comments/1lre362/feedback_friday_july_04_2025/
3,I've Built AI tools with scraps now my laptop's gone. I need help to keep building.,r/Entrepreneur,Tricky-Control5296,1,3,https://www.reddit.com/r/Entrepreneur/comments/1lq4nnr/ive_built_ai_tools_with_scraps_now_my_laptops/
3,Need help getting leads for your business (USA/Canada)?,r/Entrepreneur,FontesB,1,2,https://www.reddit.com/r/Entrepreneur/comments/1lpefkl/need_help_getting_leads_for_your_business/
3,Need Help: CloudKitchens Contract Dispute – Charged $52K After Closing in Under a Month,r/smallbusiness,Adept-Current2707,0,1,https://www.reddit.com/r/smallbusiness/comments/1lue0w2/need_help_cloudkitchens_contract_dispute_charged/
3,Need help finding this digital touchscreen display for retail.,r/smallbusiness,napadaddy,2,3,https://www.reddit.com/r/smallbusiness/comments/1lt0rc2/need_help_finding_this_digital_touchscreen/
3,Need Help: US Shipments Getting Returned Despite Proper Commercial Invoices (USMCA-Compliant Goods),r/smallbusiness,dootdoot_updoot_fba,1,1,https://www.reddit.com/r/smallbusiness/comments/1lqzxkm/need_help_us_shipments_getting_returned_despite/
3,📢 [Need Help] First Client Wants Me to Help Scale His T-Shirt Business – Looking for Expert Advice,r/smallbusiness,Drak-Shadow-005,1,2,https://www.reddit.com/r/smallbusiness/comments/1lpxgpi/need_help_first_client_wants_me_to_help_scale_his/
3,How to fix shadow ban (web),r/help,Top-Grade8059,1,2,https://www.reddit.com/r/help/comments/1lud1wp/how_to_fix_shadow_ban_web/
3,"Android, my account got locked",r/help,areyousureitis,1,2,https://www.reddit.com/r/help/comments/1lsix3a/android_my_account_got_locked/
3,Need help with my Reddit account please,r/help,ovonine,1,1,https://www.reddit.com/r/help/comments/1lpgt5f/need_help_with_my_reddit_account_please/
3,I need help posting as I'm unable to please help.,r/help,Purple_Kiwi9505,3,4,https://www.reddit.com/r/help/comments/1lohfj7/i_need_help_posting_as_im_unable_to_please_help/
3,Account hacked. Need help fixing things,r/help,Gobuupergetaman,2,2,https://www.reddit.com/r/help/comments/1logrv7/account_hacked_need_help_fixing_things/
3,"Just revamped our insurance BPM website – lost old keywords, new ones have low volume. How to get traffic + leads now?",r/DigitalMarketingHelp,greenetelsea,1,2,https://www.reddit.com/r/DigitalMarketingHelp/comments/1lifjae/just_revamped_our_insurance_bpm_website_lost_old/
3,Starting a New Business - Looking for Partners who can bring Clients 🚀,r/DigitalMarketingHelp,BrushHungry3674,1,0,https://www.reddit.com/r/DigitalMarketingHelp/comments/1li9hkb/starting_a_new_business_looking_for_partners_who/
3,Where Can I Buy High-Quality Twitter (X) Followers &amp; Likes,r/DigitalMarketingHelp,chimpadi,1,1,https://www.reddit.com/r/DigitalMarketingHelp/comments/1l0m96t/where_can_i_buy_highquality_twitter_x_followers/
3,Need help with Marketing AI agent tool,r/DigitalMarketingHelp,Subject_Gas5172,1,2,https://www.reddit.com/r/DigitalMarketingHelp/comments/1kmjaff/need_help_with_marketing_ai_agent_tool/
3,Need help with content ideas?,r/DigitalMarketingHelp,wpgeek922,0,4,https://www.reddit.com/r/DigitalMarketingHelp/comments/1khl15t/need_help_with_content_ideas/
3,Need help in Revamping my agency,r/DigitalMarketingHelp,NoPaleontologist3570,1,4,https://www.reddit.com/r/DigitalMarketingHelp/comments/1k63xd8/need_help_in_revamping_my_agency/
3,Need help mock-up case,r/DigitalMarketingHelp,Traditional-Rub6672,1,0,https://www.reddit.com/r/DigitalMarketingHelp/comments/1i2q1wf/need_help_mockup_case/
3,Commercial for an App,r/DigitalMarketingHelp,lsaiahflores,3,1,https://www.reddit.com/r/DigitalMarketingHelp/comments/1derkyh/commercial_for_an_app/
3,Built a Hinge Dating Assistant,r/MarketingHelp,Ok-Current1108,1,1,https://www.reddit.com/r/MarketingHelp/comments/1kzkdbn/built_a_hinge_dating_assistant/
3,How do you find leads?,r/MarketingHelp,Jazzlike_Tooth929,2,5,https://www.reddit.com/r/MarketingHelp/comments/1ko2ftm/how_do_you_find_leads/
3,Strategy for selling business management software to Gas stations,r/MarketingHelp,Ok-Succotash-5660,1,2,https://www.reddit.com/r/MarketingHelp/comments/1jsuf82/strategy_for_selling_business_management_software/
3,help marketing a mobile app via instagram comments / ads,r/MarketingHelp,Misura_k,1,2,https://www.reddit.com/r/MarketingHelp/comments/1jsr2r7/help_marketing_a_mobile_app_via_instagram/
3,Strategic Marketing Plan for New Wellness E-commerce (Zero Budget to First Sales) :chart_with_upwards_trend:,r/MarketingHelp,Big-Cash-1741,1,5,https://www.reddit.com/r/MarketingHelp/comments/1jlbm3b/strategic_marketing_plan_for_new_wellness/
3,Reliable Influencer payment platform for our situation with recent influencers,r/MarketingHelp,mediiivh,0,4,https://www.reddit.com/r/MarketingHelp/comments/1h4oxi4/reliable_influencer_payment_platform_for_our/
3,Question: Help Finding SEO Meta for Particular Page Title,r/MarketingHelp,Crafty_Librarian_841,1,2,https://www.reddit.com/r/MarketingHelp/comments/1gmc55s/question_help_finding_seo_meta_for_particular/
3,We need help on getting the last 330.000 signatures!,r/MarketingHelp,My-Voice-My-Choice,2,4,https://www.reddit.com/r/MarketingHelp/comments/1g9hvg2/we_need_help_on_getting_the_last_330000_signatures/
3,Need help to promote my Chrome extension,r/MarketingHelp,Contentifyy,0,1,https://www.reddit.com/r/MarketingHelp/comments/1ew8r2v/need_help_to_promote_my_chrome_extension/
3,Need help with Google Analytics,r/MarketingHelp,C_Me,2,1,https://www.reddit.com/r/MarketingHelp/comments/1dirkxv/need_help_with_google_analytics/
3,I Need help with a Reach&amp;Frequency Meta Campaign,r/MarketingHelp,Edelweiss003,2,1,https://www.reddit.com/r/MarketingHelp/comments/1de5wa5/i_need_help_with_a_reachfrequency_meta_campaign/
3,Need help with LinkedIn Ads please,r/MarketingHelp,krazecat,2,4,https://www.reddit.com/r/MarketingHelp/comments/1cgnfoy/need_help_with_linkedin_ads_please/
3,What tool/tech you are using to track conversions,r/MarketingHelp,neerajdotname,1,2,https://www.reddit.com/r/MarketingHelp/comments/1bz1j54/what_tooltech_you_are_using_to_track_conversions/
3,Need help with Marketing for Healthcare Org,r/MarketingHelp,ProfessionalDish34,1,4,https://www.reddit.com/r/MarketingHelp/comments/1bnm8oc/need_help_with_marketing_for_healthcare_org/
3,The new 4-step formula to effortlessly craft show-stopping headlines that get people to stop scrolling (backed by buyer-psychology),r/MarketingHelp,Popular_Lab_1302,5,1,https://www.reddit.com/r/MarketingHelp/comments/1bb5kph/the_new_4step_formula_to_effortlessly_craft/
3,I need help with my wordpress website.,r/MarketingHelp,PrestigiousWelder161,1,3,https://www.reddit.com/r/MarketingHelp/comments/1b74zit/i_need_help_with_my_wordpress_website/
3,I need help marketing my ecourse,r/MarketingHelp,wholeearthmama,1,1,https://www.reddit.com/r/MarketingHelp/comments/1b3npv7/i_need_help_marketing_my_ecourse/
3,I Need Help Materializing Vision,r/MarketingHelp,funkymonkey2223,1,1,https://www.reddit.com/r/MarketingHelp/comments/1av11wa/i_need_help_materializing_vision/
3,The beginning of performance marketing - what should I do?,r/MarketingHelp,Ok-Government-7703,1,4,https://www.reddit.com/r/MarketingHelp/comments/1atxejb/the_beginning_of_performance_marketing_what/
3,Mobile App for Small Business Owners,r/SmallBusinessOwners,Smart-Drummer-1578,3,2,https://www.reddit.com/r/SmallBusinessOwners/comments/1f141ty/mobile_app_for_small_business_owners/
3,I need help with a research,r/SmallBusinessOwners,filhadapyta,1,1,https://www.reddit.com/r/SmallBusinessOwners/comments/1e5yc2i/i_need_help_with_a_research/
3,Need Help Filing S-Corp Taxes,r/SmallBusinessOwners,Superb_Company4091,5,5,https://www.reddit.com/r/SmallBusinessOwners/comments/19abk3w/need_help_filing_scorp_taxes/
3,Need help with Instagram account creator tool,r/automation,CaptainSmarty,2,2,https://www.reddit.com/r/automation/comments/1ls6wdf/need_help_with_instagram_account_creator_tool/
3,Need help automating screenshot to discord post,r/automation,KSH98,2,3,https://www.reddit.com/r/automation/comments/1ljgdh2/need_help_automating_screenshot_to_discord_post/
3,How to build automations,r/automation,Reasonable_Cod_8762,1,1,https://www.reddit.com/r/automation/comments/1lhjfrj/how_to_build_automations/
3,Need Help Building a Free Job Post Scraper to Identify Travel Tech Companies Using .NET,r/automation,pulokjk,1,1,https://www.reddit.com/r/automation/comments/1lgb9ty/need_help_building_a_free_job_post_scraper_to/
3,New to Automation need help creating a resume optimizer,r/automation,Material-Pin-4890,2,2,https://www.reddit.com/r/automation/comments/1lg3zmb/new_to_automation_need_help_creating_a_resume/
3,Command button for timeline,r/excel,MistakeCool5871,0,5,https://www.reddit.com/r/excel/comments/1lqvb90/command_button_for_timeline/
3,Stuck on Excel Intermediate “Consolidate by Category” Task from Coursera — Can Someone Explain?,r/excel,Ok-Job5826,3,2,https://www.reddit.com/r/excel/comments/1lpy5kl/stuck_on_excel_intermediate_consolidate_by/
3,Run report with hidden data based on day of week?,r/excel,Fearless-Rest-7097,1,3,https://www.reddit.com/r/excel/comments/1lnczdp/run_report_with_hidden_data_based_on_day_of_week/
3,1 person office and need help with choosing productivity tracker,r/productivity,yayyitsdatwulf,2,2,https://www.reddit.com/r/productivity/comments/1linroj/1_person_office_and_need_help_with_choosing/
3,Need help on breaking out of my shell and getting out of rut,r/productivity,Maleficent-Lie4901,3,2,https://www.reddit.com/r/productivity/comments/1lhq2w2/need_help_on_breaking_out_of_my_shell_and_getting/
3,Need helping starting my own PM consulting in electric utility,r/consulting,Intelligent-Gap9254,4,3,https://www.reddit.com/r/consulting/comments/1l65dym/need_helping_starting_my_own_pm_consulting_in/
3,Consulting as a side hustle?,r/consulting,Former_Field7079,6,2,https://www.reddit.com/r/consulting/comments/1ks1mik/consulting_as_a_side_hustle/
3,What role is this called?,r/consulting,a_r623,10,3,https://www.reddit.com/r/consulting/comments/1krjvlf/what_role_is_this_called/
3,Please help rate my Theme of Website (First timer),r/ecommerce,NoCommittee4992,3,1,https://www.reddit.com/r/ecommerce/comments/1lqo95e/please_help_rate_my_theme_of_website_first_timer/
3,Need help - creative,r/ecommerce,van8989,2,4,https://www.reddit.com/r/ecommerce/comments/1lm7voa/need_help_creative/
3,Need Help: How to Receive International Payments for My Online Store?,r/ecommerce,SignificantSample929,1,3,https://www.reddit.com/r/ecommerce/comments/1lcuwym/need_help_how_to_receive_international_payments/
3,Seeking Guidance: Structuring My First Longitudinal Study Workflow,r/analytics,Maleficent_Pay_4670,1,0,https://www.reddit.com/r/analytics/comments/1l260z2/seeking_guidance_structuring_my_first/
3,Got layed off :( Need Help!!,r/analytics,Homelander_Jay,0,2,https://www.reddit.com/r/analytics/comments/1ktefia/got_layed_off_need_help/
3,Lay off!! Need Help,r/analytics,Homelander_Jay,0,3,https://www.reddit.com/r/analytics/comments/1kcr81n/lay_off_need_help/
3,unfiled Canadian t2 corporate tax for small retailer 8years,r/Bookkeeping,Ok-Age-8801,3,4,https://www.reddit.com/r/Bookkeeping/comments/1lm2xo2/unfiled_canadian_t2_corporate_tax_for_small/
3,Need help understanding an issue with Quickbooks contractor setup?,r/Bookkeeping,Adamant0000,1,2,https://www.reddit.com/r/Bookkeeping/comments/1la2h27/need_help_understanding_an_issue_with_quickbooks/
3,Who can connect a third-party app to QuickBooks Online?,r/Bookkeeping,Protonu3102,1,4,https://www.reddit.com/r/Bookkeeping/comments/1kyh691/who_can_connect_a_thirdparty_app_to_quickbooks/
3,How to properly categorize split subcontractor payment (GST paid separately),r/Bookkeeping,software__writer,0,2,https://www.reddit.com/r/Bookkeeping/comments/1kpeuog/how_to_properly_categorize_split_subcontractor/
3,I'm a client/partner facing lead at a new company need help on organizing so things don't fall through the cracks,r/projectmanagement,vhef21,9,4,https://www.reddit.com/r/projectmanagement/comments/1kz0zmq/im_a_clientpartner_facing_lead_at_a_new_company/
3,ASOS: Package returned to my address – expired label,r/CustomerService,fuulan,2,1,https://www.reddit.com/r/CustomerService/comments/1ldmsyg/asos_package_returned_to_my_address_expired_label/
3,Need help from paypal,r/CustomerService,Mrinal_raj,0,1,https://www.reddit.com/r/CustomerService/comments/1kxsnz0/need_help_from_paypal/
3,Need help making a tab duplicator,r/workflow,aerlenbach,1,5,https://www.reddit.com/r/workflow/comments/9gqcao/need_help_making_a_tab_duplicator/
3,Need help creating a test environment.,r/sysadmin,Gaje8712,1,3,https://www.reddit.com/r/sysadmin/comments/1lu44kf/need_help_creating_a_test_environment/
3,Strange behavior: Our domain abc.com loaded content from xyz.com/login (different org) — need help understanding how this happened,r/sysadmin,Sorry-Term-9071,0,3,https://www.reddit.com/r/sysadmin/comments/1loy5rr/strange_behavior_our_domain_abccom_loaded_content/
3,MSP Lab Environment for Mentorship – Suggestions Welcome,r/msp,Tarirai_Nkomo,0,1,https://www.reddit.com/r/msp/comments/1lpdsu5/msp_lab_environment_for_mentorship_suggestions/
3,In need of a good real estate litigation lawyer,r/RealEstate,ExpressionFit8349,2,1,https://www.reddit.com/r/RealEstate/comments/1lr3nf6/in_need_of_a_good_real_estate_litigation_lawyer/
3,Purchasing Land Advice plz,r/RealEstate,banks095,1,3,https://www.reddit.com/r/RealEstate/comments/1log6go/purchasing_land_advice_plz/
3,Need help understanding land easement.,r/RealEstate,mainframe-whale,0,4,https://www.reddit.com/r/RealEstate/comments/1loep0y/need_help_understanding_land_easement/
3,Hospital Bill,r/healthcare,No-Engineering-7224,1,3,https://www.reddit.com/r/healthcare/comments/1l17plk/hospital_bill/
3,"Has any Walmart associate, past or present, had issues with the so called ""Centers for Excellence""?",r/healthcare,Interesting-Link156,2,1,https://www.reddit.com/r/healthcare/comments/1k4sztu/has_any_walmart_associate_past_or_present_had/
3,Finding an adult child who may need help,r/legal,Advanced_Gift_1720,0,3,https://www.reddit.com/r/legal/comments/1lqucvp/finding_an_adult_child_who_may_need_help/
3,LOCATION: United kingdom. I need help,r/legal,Wonderful-Access-891,0,0,https://www.reddit.com/r/legal/comments/1lopipt/location_united_kingdom_i_need_help/
3,Recommendations for affordable dui lawyer in Philly,r/legal,Iamagape2,2,0,https://www.reddit.com/r/legal/comments/1li779w/recommendations_for_affordable_dui_lawyer_in/
3,I need help with PoA/Guardianship,r/legal,Throwaway0xjdo996,3,3,https://www.reddit.com/r/legal/comments/1lh7u7c/i_need_help_with_poaguardianship/
3,PLEASE I NEED HELP AS FAST AS POSSIBLE,r/legal,Numerous-Wait-2592,0,3,https://www.reddit.com/r/legal/comments/1lgg0bc/please_i_need_help_as_fast_as_possible/
3,Need Help With Your Social Media?,r/restaurant,gigimrd,0,0,https://www.reddit.com/r/restaurant/comments/1lriknn/need_help_with_your_social_media/
3,Need help from restaurant owners to understand review management challenges,r/restaurant,jvkxhola,0,3,https://www.reddit.com/r/restaurant/comments/1liz5fi/need_help_from_restaurant_owners_to_understand/
3,✨ Freelance Digital Designer / Developer - Available This Week,r/restaurant,allosauru,1,0,https://www.reddit.com/r/restaurant/comments/1lifis9/freelance_digital_designer_developer_available/
3,Need help with barcode scanner,r/retail,This_Number9390,0,2,https://www.reddit.com/r/retail/comments/1ltcvk8/need_help_with_barcode_scanner/
3,Need help figuring out if I shorted my drop safe.,r/retail,SapphireOrnamental,3,4,https://www.reddit.com/r/retail/comments/1i095xm/need_help_figuring_out_if_i_shorted_my_drop_safe/
3,Need Help: Health Insurance Claim Denied My Rebuirsment,r/Insurance,Muted_Train7608,1,0,https://www.reddit.com/r/Insurance/comments/1ltwha5/need_help_health_insurance_claim_denied_my/
3,"I’m building a tool for people who overthink or feel stuck mentally, curious if others face this too?",r/SaaS,EmergencyRiver6494,1,0,https://www.reddit.com/r/SaaS/comments/1lty7fm/im_building_a_tool_for_people_who_overthink_or/
3,"🌐 Built a Multi-Portal Job Scraper (LinkedIn, Indeed, Naukri, ZipRecruiter, Foundit &amp; More) - DM for Code &amp; Help (Compensation-Based)",r/SaaS,ClassFine3562,2,1,https://www.reddit.com/r/SaaS/comments/1ltturk/built_a_multiportal_job_scraper_linkedin_indeed/
3,First-time app maker here! How much should I budget to hire a dev to help finish/polish my project?,r/SaaS,Different-Assist-221,1,2,https://www.reddit.com/r/SaaS/comments/1ltj28l/firsttime_app_maker_here_how_much_should_i_budget/
3,Need Help to create SaaS,r/SaaS,enlightenment_op_,1,1,https://www.reddit.com/r/SaaS/comments/1lsv475/need_help_to_create_saas/
3,[Partnership Opportunity] Looking for US-Based Agencies &amp; Software Companies – Official FlutterFlow Experts,r/StartupsHelpStartups,addictedbuyer,1,0,https://www.reddit.com/r/StartupsHelpStartups/comments/1lpxskt/partnership_opportunity_looking_for_usbased/
3,Built a Utility to Check MSME Registration &amp; GST Filing Status in Bulk for Indian Companies– Need suggestion/ help Finding Clients,r/StartupsHelpStartups,ThisProfessional1,1,0,https://www.reddit.com/r/StartupsHelpStartups/comments/1k2uian/built_a_utility_to_check_msme_registration_gst/
3,Need help with AWS activate program,r/StartupsHelpStartups,Basic-Lobster8632,1,0,https://www.reddit.com/r/StartupsHelpStartups/comments/1jcnf1s/need_help_with_aws_activate_program/
3,$1+ million in real estate but I’ve learned more from my 5 waitlisters!,r/StartupsHelpStartups,Investince,3,0,https://www.reddit.com/r/StartupsHelpStartups/comments/1f205ot/1_million_in_real_estate_but_ive_learned_more/
3,Purchase Price Accounting,r/Accounting,Avcrazykidmom79,1,5,https://www.reddit.com/r/Accounting/comments/1lqv790/purchase_price_accounting/
3,Please help w/ an agency issue (I'm an employee).,r/agency,QualityBadgerMilk,1,2,https://www.reddit.com/r/agency/comments/1j2syb9/please_help_w_an_agency_issue_im_an_employee/
3,Iraqi Business agent - need help,r/business,flat_line_,1,0,https://www.reddit.com/r/business/comments/1lu491c/iraqi_business_agent_need_help/
3,Just started a roasted makhana factory in Bihar — need help finding B2B buyers/export leads,r/business,ManagerCompetitive77,2,3,https://www.reddit.com/r/business/comments/1lr9024/just_started_a_roasted_makhana_factory_in_bihar/
3,How did you land your first 5 clients?,r/business,FontesB,1,2,https://www.reddit.com/r/business/comments/1lq4sxc/how_did_you_land_your_first_5_clients/
3,dog treat business,r/business,AudienceKey1153,1,1,https://www.reddit.com/r/business/comments/1lp13yr/dog_treat_business/
3,Sophomore high school need help on life plan,r/business,DoodleMoodle542,0,3,https://www.reddit.com/r/business/comments/1lny642/sophomore_high_school_need_help_on_life_plan/
3,"Need Help with Branding, Marketing or Content Design? I Work with Coaches &amp; Service Providers",r/Coaching,Hour_Try7703,2,2,https://www.reddit.com/r/Coaching/comments/1lno55c/need_help_with_branding_marketing_or_content/
3,Need Help With Your Funnel? I’m Offering a Huge Discount in Exchange for Feedback!,r/Coaching,ZestycloseWave6535,2,5,https://www.reddit.com/r/Coaching/comments/1jkt8hh/need_help_with_your_funnel_im_offering_a_huge/
3,Transition from in-person to online. A few questions.,r/Coaching,Subject_Education931,2,4,https://www.reddit.com/r/Coaching/comments/1go4fbc/transition_from_inperson_to_online_a_few_questions/
3,Need help improving as a soccer coach.,r/Coaching,CoachIEG,2,0,https://www.reddit.com/r/Coaching/comments/16tss2g/need_help_improving_as_a_soccer_coach/
3,Bitrix24 CRM,r/CRM,Wolt_Poa,0,0,https://www.reddit.com/r/CRM/comments/1l291p7/bitrix24_crm/
3,Am I screwed (do I stand a chance for the Georgia tech masters?),r/data,Zestyclose_Ad8449,2,3,https://www.reddit.com/r/data/comments/1lrryis/am_i_screwed_do_i_stand_a_chance_for_the_georgia/
3,Data set for gambling (non- tournament poker),r/data,Addy_002,2,0,https://www.reddit.com/r/data/comments/1lid9g2/data_set_for_gambling_non_tournament_poker/
3,Need help understanding the below job description,r/data,krishchawla16,1,0,https://www.reddit.com/r/data/comments/1lfk0hm/need_help_understanding_the_below_job_description/
3,I need help finding a youtube video,r/data,GlobalRacc,1,0,https://www.reddit.com/r/data/comments/1lc5wgq/i_need_help_finding_a_youtube_video/
3,Extracting strings from text files in Azure Data Factory,r/data,Jazzlike-Ad-1522,1,0,https://www.reddit.com/r/data/comments/1l38dwt/extracting_strings_from_text_files_in_azure_data/
3,How to convert .isav file back into videol,r/data,Ecstatic_Reporter_29,1,0,https://www.reddit.com/r/data/comments/1l2v88s/how_to_convert_isav_file_back_into_videol/
3,I urgently need help who is data science or has good knowledge in econometrics and finance please,r/data,Cultural-Hour-9480,1,3,https://www.reddit.com/r/data/comments/1ky4kwn/i_urgently_need_help_who_is_data_science_or_has/
3,Request! TYIA Data nerds -  I need help visualising x amount of people,r/data,Iamthemayogod,1,0,https://www.reddit.com/r/data/comments/1kwz2io/request_tyia_data_nerds_i_need_help_visualising_x/
3,Need help building a dashboard,r/data,Electrical_Sir_9434,1,0,https://www.reddit.com/r/data/comments/1kartei/need_help_building_a_dashboard/
3,Converting hevc files into normal mp4 files,r/data,UseMeHardDaddy69,2,0,https://www.reddit.com/r/data/comments/1jnb0hq/converting_hevc_files_into_normal_mp4_files/
3,Need Help selling data,r/data,Legal-Masterpiece372,0,0,https://www.reddit.com/r/data/comments/1izg7gs/need_help_selling_data/
3,Need help *Research Question**,r/data,Pleasant_Weakness_72,1,0,https://www.reddit.com/r/data/comments/1itahu8/need_help_research_question/
3,Need help finding data of UFC fighters and their follower count.,r/data,Direct_Guess_8780,1,1,https://www.reddit.com/r/data/comments/1i8g40t/need_help_finding_data_of_ufc_fighters_and_their/
3,Help for data sorting/clustering,r/data,late-nighter,1,1,https://www.reddit.com/r/data/comments/1hsuemn/help_for_data_sortingclustering/
3,Resume Review Please,r/data,Sad_Individual_3857,2,0,https://www.reddit.com/r/data/comments/1hq9609/resume_review_please/
3,Need Help Finding Drug (Medicine) Info for a project of mine.,r/data,Busy-Competition-786,2,2,https://www.reddit.com/r/data/comments/1gktytz/need_help_finding_drug_medicine_info_for_a/
3,Need help (dashboard),r/data,Hot-Description601,2,1,https://www.reddit.com/r/data/comments/1gj5rm0/need_help_dashboard/
3,NEED HELP ASAP: G-RAID 1 Full,r/data,jshabnto,0,1,https://www.reddit.com/r/data/comments/1gf7wyk/need_help_asap_graid_1_full/
3,Converting verticle list to table in Sheets,r/data,Own-Sorbet1776,3,3,https://www.reddit.com/r/data/comments/1g63h8n/converting_verticle_list_to_table_in_sheets/
3,Need help receiving money,r/digitalnomad,Acrobatic-Product208,4,5,https://www.reddit.com/r/digitalnomad/comments/1liw490/need_help_receiving_money/
3,"Are you having trouble completing your homework?
Struggling to understand Math or any other subject?
Need help finishing your school project?",r/education,LifeMarionberry4616,0,0,https://www.reddit.com/r/education/comments/1ksr1ei/are_you_having_trouble_completing_your_homework/
3,Skill or Education in 2025? I need help.,r/education,Aishashhahh,1,2,https://www.reddit.com/r/education/comments/1kbmaj1/skill_or_education_in_2025_i_need_help/
3,Need help with my relationship to motivation [Discussion],r/GetMotivated,Huge-Following-1001,5,5,https://www.reddit.com/r/GetMotivated/comments/1kxu9az/need_help_with_my_relationship_to_motivation/
3,Growth Hacks I'm considering for Draftly - need your inputs,r/growth,ashitvora,2,1,https://www.reddit.com/r/growth/comments/1ijsr87/growth_hacks_im_considering_for_draftly_need_your/
3,What to study in July 2025?,r/it,SpeakerChemical1498,0,0,https://www.reddit.com/r/it/comments/1lrs8r7/what_to_study_in_july_2025/
3,LOOKING FOR A PROFESSIONAL,r/it,camr_10,0,3,https://www.reddit.com/r/it/comments/1lr4b47/looking_for_a_professional/
3,Need insight on my IT career and boss situation,r/it,Vegetable-Squash1918,3,3,https://www.reddit.com/r/it/comments/1lqbr7l/need_insight_on_my_it_career_and_boss_situation/
3,Need help fixing visual glitch in windows.,r/it,Yunanee-san,0,1,https://www.reddit.com/r/it/comments/1lmc8zy/need_help_fixing_visual_glitch_in_windows/
3,"Need help: ThinkPad USB-C Dock sometimes works, sometimes doesn’t, can’t figure out why",r/it,Ramirez2376,2,5,https://www.reddit.com/r/it/comments/1lku8i0/need_help_thinkpad_usbc_dock_sometimes_works/
3,🚀 Need Help with Your Project or Website? I Got You – FREE &amp; Affordable Web Dev Help! 💻,r/it,Agitated-Industry889,0,2,https://www.reddit.com/r/it/comments/1l69q3q/need_help_with_your_project_or_website_i_got_you/
3,"$0 CAC, 1,000 email subscribers, and a 56% open rate... here's how",r/juststart,HelloReaderMax,5,3,https://www.reddit.com/r/juststart/comments/131csr5/0_cac_1000_email_subscribers_and_a_56_open_rate/
3,Need Help: Contract Dispute with Ghost Kitchen Company – Now Facing $52K Collection Claim,r/legaladvice,Adept-Current2707,1,0,https://www.reddit.com/r/legaladvice/comments/1lue3wm/need_help_contract_dispute_with_ghost_kitchen/
3,"Water bill tripled, need help",r/legaladvice,spiritedawayfox,0,5,https://www.reddit.com/r/legaladvice/comments/1lu4ssm/water_bill_tripled_need_help/
3,Need Help Understanding Lease Renewal Rules (NYC - Co-Tenant Not Renewing),r/legaladvice,anandamid23,1,0,https://www.reddit.com/r/legaladvice/comments/1lu28rs/need_help_understanding_lease_renewal_rules_nyc/
3,NEED HELP SCHOOL CASE,r/legaladvice,Educational_Top_9633,0,0,https://www.reddit.com/r/legaladvice/comments/1ltwc2s/need_help_school_case/
3,Need help with numerous police harassment and misconduct instances I've experienced. DO NOT KNOW WHAT TO DO or if AM EVEN LEGALLY ENTITLED TO SEEK AID!,r/legaladvice,Virtual_Delivery_969,0,1,https://www.reddit.com/r/legaladvice/comments/1ltrcyw/need_help_with_numerous_police_harassment_and/
3,My mother is trying to take/sell my camper for protecting my daughter. What can I do?,r/legaladvice,Ok-Physics-5357,2,1,https://www.reddit.com/r/legaladvice/comments/1ltkec5/my_mother_is_trying_to_takesell_my_camper_for/
3,Need help gaining permanent guardianship (or custody?)of my 17yo brother,r/legaladvice,Secure-Background734,0,2,https://www.reddit.com/r/legaladvice/comments/1ltam0g/need_help_gaining_permanent_guardianship_or/
3,Was hit and run on my motorcycle.,r/legaladvice,Fresh-Possibility754,1,4,https://www.reddit.com/r/legaladvice/comments/1lt8v06/was_hit_and_run_on_my_motorcycle/
3,[Feedback Request] Local coffee shop promo campaign — need help to turn eyeballs into real sales,r/marketing,glassybrick,0,0,https://www.reddit.com/r/marketing/comments/1lty0h3/feedback_request_local_coffee_shop_promo_campaign/
3,Need Help: Cold Email Stack for Scaling Ad Services?,r/marketing,Serem_Achmes,0,0,https://www.reddit.com/r/marketing/comments/1lr0b9a/need_help_cold_email_stack_for_scaling_ad_services/
3,What Job Should I Take?,r/marketing,Individual_Carpet_66,1,4,https://www.reddit.com/r/marketing/comments/1ldzbna/what_job_should_i_take/
3,Need Help Organizing Room,r/organization,Cy_broski,1,0,https://www.reddit.com/r/organization/comments/zenjte/need_help_organizing_room/
3,Looking for Freelance Backend Development Work (Java/Python) – Need Guidance &amp; Opportunities,r/remotework,arpit3043,1,0,https://www.reddit.com/r/remotework/comments/1ltq5cg/looking_for_freelance_backend_development_work/
3,Need help in side hustle.,r/remotework,Yashu_0007,0,3,https://www.reddit.com/r/remotework/comments/1lp4wn9/need_help_in_side_hustle/
3,Copywriter,r/remotework,Awkward-Top-5,0,1,https://www.reddit.com/r/remotework/comments/1lmexy7/copywriter/
3,1 Min Survey for my work  ! (need help),r/remotework,Malfoo,1,0,https://www.reddit.com/r/remotework/comments/1ll0wtr/1_min_survey_for_my_work_need_help/
3,Available to Help with Spreadsheet Cleanup or Data Fixes – Excel / Google Sheets,r/remotework,Every_Value_5692,0,0,https://www.reddit.com/r/remotework/comments/1lk3jp5/available_to_help_with_spreadsheet_cleanup_or/
3,Necesito ayuda para conseguir un trabajo remoto / I need help getting a remote job,r/remotework,Hylan0823,0,0,https://www.reddit.com/r/remotework/comments/1ljedu8/necesito_ayuda_para_conseguir_un_trabajo_remoto_i/
3,Seeking New Horizons: A Creative Professional's Journey need help to Remote Work and Well-being,r/remotework,desowl,1,0,https://www.reddit.com/r/remotework/comments/1lj66sx/seeking_new_horizons_a_creative_professionals/
3,RESUME AND COVER LETTER SERVICE AUSTRALIA,r/remotework,sapphire_m1,1,0,https://www.reddit.com/r/remotework/comments/1lguqqb/resume_and_cover_letter_service_australia/
