Subreddit,Link,Description,NSFW_Flag,NSFW_Reason,Confidence_Score,Processing_Time
007,https://www.reddit.com/r/007/,The world of Commander Bond CMG RNVR.,NO,No NSFW indicators in description,0,0.32s
007FirstLight,https://www.reddit.com/r/007FirstLight/,"Play a James Bond origin story and Earn The Number in #007FirstLight, by IO Interactive. Coming 2026 on PlayStation 5, Xbox Series X|S, and PC.",NO,No NSFW indicators in description,0,0.27s
00sAesthetics,https://www.reddit.com/r/00sAesthetics/,"Media culture from the Early 2000s (2000-2010), Movies/Music/Video Games etc.",NO,No NSFW indicators in description,0,0.25s
00scartoons,https://www.reddit.com/r/00scartoons/,A subreddit for cartoons that came out between the years 2000 and 2009.,NO,No NSFW indicators in description,0,0.28s
00sdesign,https://www.reddit.com/r/00sdesign/,See also: [Y2K aesthetics institute](http://y2kaestheticinstitute.tumblr.com/) /r/2000s,NO,No NSFW indicators in description,0,0.24s
00snostalgia,https://www.reddit.com/r/00snostalgia/,"All about the first decade of the new millennium: The 2000s! Relaunch date: December 13, 2022",NO,No NSFW indicators in description,0,0.51s
070Shake,https://www.reddit.com/r/070Shake/,The Official 070 Shake Subreddit!,NO,No NSFW indicators in description,0,0.37s
0DTE,https://www.reddit.com/r/0DTE/,0DTE options,NO,No NSFW indicators in description,0,0.27s
0FD3MONSS,https://www.reddit.com/r/0FD3MONSS/,JOIN THE DISCORD FOR MORE üëÄ- https://discord.gg/bdDs7cgQ,NO,No NSFW indicators in description,0,0.24s
0_005102040816327,https://www.reddit.com/r/0_005102040816327/,1/,NO,No NSFW indicators in description,0,0.25s
0ad,https://www.reddit.com/r/0ad/,0 A.D is an open source RTS game,NO,No NSFW indicators in description,0,0.25s
0nlyniaa,https://www.reddit.com/r/0nlyniaa/,community for _.0nlyniaa /onlyniaa,NO,No NSFW indicators in description,0,0.24s
0sanitymemes,https://www.reddit.com/r/0sanitymemes/,"Arknight's #1 shitposting subreddit, if you're not here for that, please seek the nearest psychiatrist. Here you can find posts to look at after giving up on that one stage, or after autoplay fails 5 times. I asked a bunch of 0sm goons to come up with this description. Join the discord and stuff too: https://discord.gg/K84zWrH8Js Sex reviews on thursdays, if you post it any other day I will personally smite you. - Sen",YES,Contains sexual terminology,7,0.22s
0ug,https://www.reddit.com/r/0ug/,Stuff that makes your balls tripping at 0ug,NO,No NSFW indicators in description,0,0.34s
0x10c,https://www.reddit.com/r/0x10c/,"This is the official subreddit for 0x10^c. Feel free to engage in rampant speculation, discuss new reveals, and share your creations in DCPU-16!",NO,No NSFW indicators in description,0,0.26s
0xLend_Official,https://www.reddit.com/r/0xLend_Official/,0xLend is the first Lending Protocol on KuCoin Community Chain that supports the deposit and lending of crypto assets.,NO,No NSFW indicators in description,0,0.23s
0xMantle,https://www.reddit.com/r/0xMantle/,"Mantle | Mass adoption of decentralized &amp; token-governed technologies. With Mantle Network, Mantle Treasury, and token holder-governed products initiatives. https://linktr.ee/mantle.xyz",NO,No NSFW indicators in description,0,0.24s
0xPolygon,https://www.reddit.com/r/0xPolygon/,"Official Polygon Labs Reddit: Polygon Labs is a software development company building and developing a network of aggregated blockchains via the Agglayer, secured by Ethereum. Polygon Labs has also contributed to the core development of several widely-adopted scaling protocols and tools for launching blockchains, including Polygon PoS, Agglayer, and Agglayer CDK.",NO,No NSFW indicators in description,0,0.24s
0xProject,https://www.reddit.com/r/0xProject/,Community subreddit for 0x Protocol - the protocol for trading everything. Not maintained by the 0x and 0x Protocol teams (be alert to spam and incorrect info). See pinned post for active channels.,NO,No NSFW indicators in description,0,0.25s
0xSonic,https://www.reddit.com/r/0xSonic/,"Sonic is the highest-performing EVM L1, combining speed, incentives, and world-class infrastructure for DeFi, powered by the S token. 400,000 TPS at sub-second finality.",NO,No NSFW indicators in description,0,0.50s
0xcert,https://www.reddit.com/r/0xcert/,"0xcert is an open source, permissionless protocol for validating the existence, authenticity and ownership of digital assets on the blockchain.",YES,Contains NSFW community indicators,6,0.27s
1000hoursoutside,https://www.reddit.com/r/1000hoursoutside/,"A place for everyone to discuss the 1000 hours outside challenge; sharing ideas, wins, and encouragement.",NO,No NSFW indicators in description,0,0.28s
1000lbSisters_Snark,https://www.reddit.com/r/1000lbSisters_Snark/,a lightly moderated sub to discuss the television show 1000 lb sisters. this is a snark sub so if you are gonna be a party pooper on people‚Äôs opinions go to a different sub but Reddit rules apply,NO,No NSFW indicators in description,0,0.24s
1000lbbestfriends,https://www.reddit.com/r/1000lbbestfriends/,"All about TLC‚Äôs newest transformation show, 1000-LB Best Friends. Vannessa and Meghan are larger-than-life Best Friends, and along with their pals Tina and Ashely, they are battling obesity with heart and humor. This gregarious girl gang embarks on a journey of sisterhood, weight loss, and self-discovery.",NO,No NSFW indicators in description,0,0.32s
1000lbroomies,https://www.reddit.com/r/1000lbroomies/,TLC‚Äôs show 1000lb Roomies,NO,No NSFW indicators in description,0,0.24s
1000lbsisters,https://www.reddit.com/r/1000lbsisters/,"A place to discuss TLC's 1000-lb Sisters. 1000-lb Sisters follows the Slaton sisters, averaging over a thousand pounds, who have always depended on each other for support. Thumbnail pic courtesy of u/boutthistimeofday",NO,No NSFW indicators in description,0,0.23s
1000words,https://www.reddit.com/r/1000words/,"This is like /r/pics, but for pictures that tell stories. Note: If you are having trouble submitting a link, message the moderator with a URL of the link and it will get approved as long as its pertinent to this sub.",NO,No NSFW indicators in description,0,0.25s
1001AlbumsGenerator,https://www.reddit.com/r/1001AlbumsGenerator/,Discuss the albums generated from https://1001albumsgenerator.com/,NO,No NSFW indicators in description,0,0.22s
1001Movies,https://www.reddit.com/r/1001Movies/,Dedicated to the 1001 Movies You Must see Before You Die book series,NO,No NSFW indicators in description,0,0.23s
100DaysChallenge,https://www.reddit.com/r/100DaysChallenge/,"Hello all, welcome to the 100 Days Challenge! In this sub, from Sept 23rd, we have committed to 100 days of action and self-betterment, no matter how small. If you want more support you can join us on Whatsapp and/or Keystone. Just message one of the mods for an invite. We are a positive, supportive and inclusive community which hopes to ensure that every member goes into the next year with the biggest personal impact they can have on their goals and habits. Close out the year!",NO,No NSFW indicators in description,0,0.25s
100DaysOfSwiftUI,https://www.reddit.com/r/100DaysOfSwiftUI/,A place for people to discuss their learnings following the https://www.hackingwithswift.com/100/swiftui tutorial,NO,No NSFW indicators in description,0,0.26s
100Kanojo,https://www.reddit.com/r/100Kanojo/,"The 100 Girlfriends Who Really, Really, Really, Really, Really Love You - (Âêõ„ÅÆ„Åì„Å®„ÅåÂ§ßÂ§ßÂ§ßÂ§ßÂ§ßÂ•Ω„Åç„Å™100‰∫∫„ÅÆÂΩºÂ•≥; Kimi no koto ga Dai Dai Dai Dai Daisuki na Hyaku-nin no Kanojo) - is a harem manga series written by ""Rikito Nakamura"" and illustrated by ""Yukiko Nozawa"".",NO,No NSFW indicators in description,0,0.22s
100KanojoMemes,https://www.reddit.com/r/100KanojoMemes/,"The 100 Girlfriends Who Really, Really, Really, Really, Love you!- Is a Harem/Manga series, which is animated by Rikito Nakamura. In this Subreddit can post and find 100Kanojo Memes that‚Äôll surely make you laugh! „ÅÇ„Å™„Åü„ÇíÊú¨ÂΩì„Å´Êú¨ÂΩì„Å´Êú¨ÂΩì„Å´Â§ßÂ•Ω„Åç„Å™100‰∫∫„ÅÆÂΩºÂ•≥ÔºÅ„ÅØ„ÄÅ‰∏≠ÊùëÂäõÊñó„Åå„Ç¢„Éã„É°Âåñ„Åó„Åü„Éè„Éº„É¨„É†/„Éû„É≥„Ç¨„Ç∑„É™„Éº„Ç∫„Åß„Åô„ÄÇ„Åì„ÅÆ„Çµ„Éñ„É¨„Éá„Ç£„ÉÉ„Éà„Åß„ÅØ„ÄÅ„Åç„Å£„Å®„ÅÇ„Å™„Åü„ÇíÁ¨ë„Çè„Åõ„Å¶„Åè„Çå„Çã100‰∫∫„ÅÆ„Ç´„Éé„Ç∏„Éß„Éü„Éº„É†„ÇíÊäïÁ®ø„Åó„Åü„ÇäË¶ã„Å§„Åë„Åü„Çä„Åß„Åç„Åæ„ÅôÔºÅ",NO,No NSFW indicators in description,0,0.25s
100ManNoInochi,https://www.reddit.com/r/100ManNoInochi/,"Community for: I'm Standing on a Million Lives ( I'm Standing on 1,000,000 Lives / 100-man no Inochi no Ue ni Ore wa Tatte Iru)",NO,No NSFW indicators in description,0,0.24s
100ThievesApparel,https://www.reddit.com/r/100ThievesApparel/,"/r/100ThievesApparel is for anything and everything related to 100 Thieves apparel. Buy, sell, and trade 100 Thieves apparel, 100 Thieves hardware, and HIGROUND.",NO,No NSFW indicators in description,0,0.27s
100daysml,https://www.reddit.com/r/100daysml/,This is the OFFICIAL Reddit Community for the 100 Days of Machine Learning Challenge. Each days challenge should last you approximately 60-75 minutes. https://www.100daysofml.com,NO,No NSFW indicators in description,0,0.26s
100gecs,https://www.reddit.com/r/100gecs/,gecgecgec,NO,No NSFW indicators in description,0,0.25s
100gecsplayboicarti,https://www.reddit.com/r/100gecsplayboicarti/,We are where 100 Gecs fans and Playboi Carti fans make beautiful unison !!!! Join us and let us conquer the world üåé welcome home ‚ù§‚ù§‚ù§‚ù§‚ù§‚ù§,NO,Contains body-related terms,4,0.62s
100movies365days,https://www.reddit.com/r/100movies365days/,Your challenge is to watch 100 movies in the next 365 days. Do you accept?,NO,No NSFW indicators in description,0,0.37s
100nyanojo,https://www.reddit.com/r/100nyanojo/,"Welcome to the one and only community for our beloved Nekonari Tama Feel free to post all related cat images and references of 100Kanojo This is a community for fans of Tama and the manga/anime, The 100 girlfriends who really really love you",NO,No NSFW indicators in description,0,0.25s
100percentEat,https://www.reddit.com/r/100percentEat/,The fan run subreddit for the 100% Eat Podcast!,NO,No NSFW indicators in description,0,0.23s
100pushups,https://www.reddit.com/r/100pushups/,"Join the journey to 100 push-ups a day! Whether you're a beginner building strength or an athlete pushing limits, this community is here for tips, motivation, and sharing progress.",NO,No NSFW indicators in description,0,0.24s
100sets,https://www.reddit.com/r/100sets/,"Embrace the challenge to overcome social anxiety and enhance your dating competency here at the 100 Sets Subreddit. Our mission revolves around utilizing consistent, step-by-step social interaction strategies (or ""sets"") to build confidence and improve your social and dating skills. We particularly encourage beginners or those less experienced in the dating scene to embark on the journey of 100 sets. This involves engaging in 100 distinct social interactions with strangers, fostering personal",YES,Contains NSFW community indicators,6,0.34s
100thieves,https://www.reddit.com/r/100thieves/,Welcome to the Official Subreddit of 100 Thieves. Questions about your apparel order? Contact support@100thieves.com,NO,No NSFW indicators in description,0,0.23s
100xCoin,https://www.reddit.com/r/100xCoin/,"The New Meme Coin With an NFT Exchange Platform, Launch Pad, and A Mobile App for Instant Crypto Purchases.",NO,No NSFW indicators in description,0,0.22s
100yearclub,https://www.reddit.com/r/100yearclub/,"This is a subreddit for everyone who wants to meet up in 100 years from this particular comment chain. Chances are most of us won't make it, but fuck it, let's try.",YES,Contains NSFW community indicators,6,0.24s
100yearsago,https://www.reddit.com/r/100yearsago/,"This subreddit was formed in late 2013 to document World War I, day by day as it developed. It covers social, political, military and cultural developments in combatant countries and noncombatants alike. Its particular emphasis is on pointing out the most striking similarities and differences from the problems humanity faces today.",NO,No NSFW indicators in description,0,0.23s
1031exchange,https://www.reddit.com/r/1031exchange/,Welcome to r/1031exchange! We're a group of passionate real estate investors and professionals here to answer questions about 1031 like-kind exchanges.,NO,No NSFW indicators in description,0,0.20s
1046FM,https://www.reddit.com/r/1046FM/,"Fan-content, updates, and discussion about the NoSleep/book series ""Accounts From a Lonely Broadcast Station"" written by Kel Byron (Wendingus)",NO,No NSFW indicators in description,0,0.25s
104th_Wolfpack,https://www.reddit.com/r/104th_Wolfpack/,Hello and welcome to the official 104th MilSim Battalion subreddit.,NO,No NSFW indicators in description,0,0.27s
1053,https://www.reddit.com/r/1053/,"Imma just start shitposting here everyday, you should too (View rules before joining)",NO,No NSFW indicators in description,0,0.24s
10XHealth,https://www.reddit.com/r/10XHealth/,"A place to discuss Gary Brecka‚Äôs 10X Health System. Consumers real life experiences, ask general questions, and discuss what has worked and what hasn‚Äôt. https://10xhealthnetwork.com/pages/supplements?utm_source=Randall",NO,No NSFW indicators in description,0,0.25s
10_Second_Videos,https://www.reddit.com/r/10_Second_Videos/,Ticking away the moments that make up a dull day,NO,No NSFW indicators in description,0,0.21s
10centproblem,https://www.reddit.com/r/10centproblem/,An official branch off r/10dollarproblem. You may post minor problems here. No matter how small they are.,NO,No NSFW indicators in description,0,0.32s
10cloverfieldlane,https://www.reddit.com/r/10cloverfieldlane/,"Discussion and speculation about the upcoming film 10 Cloverfield Lane, which is set to release March 11th, 2016.",NO,No NSFW indicators in description,0,0.34s
10dollarproblem,https://www.reddit.com/r/10dollarproblem/,Supercell's problems that won't ever get fixed because it doesn't bring Frank enough money to line his pockets.,NO,No NSFW indicators in description,0,0.26s
10minutefood,https://www.reddit.com/r/10minutefood/,"Challenging but doable. This sub is for sharing recipes of healthy food that can be made in 10 to 15 minutes (or less). Feel free to share your recipes, links and experiences. Be nice to each other and have a good day :-)",NO,No NSFW indicators in description,0,0.24s
10s,https://www.reddit.com/r/10s/,"This is the other tennis subreddit that is focused on playing the sport at an amateur level, including technical advice, strategy, and equipment. Reddiquette is in play. Upvote anything that contributes to the conversation, whether you agree with it or not.",NO,No NSFW indicators in description,0,0.29s
10sMusic,https://www.reddit.com/r/10sMusic/,Music recorded in the 1910's,NO,No NSFW indicators in description,0,0.31s
10secondriddles,https://www.reddit.com/r/10secondriddles/,"üß† Welcome to 10 Second Riddles! Test your brain with quick, fun, and challenging riddles that you can solve in just 10 seconds! From tricky brain teasers to fun math puzzles, we've got daily content to keep your mind sharp. ‚úÖ New videos every day! ‚úÖ Engage with friends and family by sharing our riddles! ‚úÖ Comment your answers and challenge yourself! Subscribe now and never miss a brain-boosting challenge! üîî Ready to think fast? Let‚Äôs riddle away!",NO,No NSFW indicators in description,0,0.25s
10thDentist,https://www.reddit.com/r/10thDentist/,"just another unpopular opinion sub. same reddit rules apply, but go nuts.",NO,No NSFW indicators in description,0,0.24s
10thGenCivics,https://www.reddit.com/r/10thGenCivics/,"Welcome to r/10thGenCivics, where we discuss everything about our 2016+ Civics!",NO,No NSFW indicators in description,0,0.26s
